year,player_id,nick,nationality,team_ids,teams,maps,rounds,kd_diff,kd,rating,rating_version,ranking_filter,date_range
2015,2757,GuardiaN,Slovakia,4608,Natus Vincere,94,2487,+430,1.27,1.18,Rating 1.0,Top20,2015-01-01..2015-12-31
2015,3741,NiKo,Bosnia and Herzegovina,4494,MOUZ,65,1721,+171,1.14,1.15,Rating 1.0,Top20,2015-01-01..2015-12-31
2015,7592,device,Denmark,6548|5996,?,120,3150,+380,1.18,1.14,Rating 1.0,Top20,2015-01-01..2015-12-31
2015,798,oskar,Czech Republic,5310,HellRaisers,62,1648,+176,1.16,1.14,Rating 1.0,Top20,2015-01-01..2015-12-31
2015,7998,s1mple,Ukraine,5310,HellRaisers,35,904,+99,1.16,1.13,Rating 1.0,Top20,2015-01-01..2015-12-31
2015,7167,kennyS,France,5991,Envy,95,2504,+336,1.22,1.13,Rating 1.0,Top20,2015-01-01..2015-12-31
2015,885,olofmeister,Sweden,4991,fnatic,115,2929,+306,1.15,1.11,Rating 1.0,Top20,2015-01-01..2015-12-31
2015,29,f0rest,Sweden,4411,Ninjas in Pyjamas,71,1826,+145,1.12,1.11,Rating 1.0,Top20,2015-01-01..2015-12-31
2015,8183,rain,Norway,5995|6134,G2|Kinguin,74,1987,+116,1.08,1.11,Rating 1.0,Top20,2015-01-01..2015-12-31
2015,8095,aizy,Denmark,5995|5422,G2|Dignitas,78,2016,+153,1.11,1.10,Rating 1.0,Top20,2015-01-01..2015-12-31
2015,7528,KRIMZ,Sweden,4991,fnatic,112,2883,+334,1.19,1.10,Rating 1.0,Top20,2015-01-01..2015-12-31
2015,7429,Happy,France,5991,Envy,98,2496,+259,1.16,1.10,Rating 1.0,Top20,2015-01-01..2015-12-31
2015,973,SZPERO,Poland,6372,CSGL,51,1349,+94,1.10,1.10,Rating 1.0,Top20,2015-01-01..2015-12-31
2015,7403,WorldEdit,Russia,5988,FlipSid3,50,1367,+130,1.14,1.09,Rating 1.0,Top20,2015-01-01..2015-12-31
2015,9216,coldzera,Brazil,6290,Luminosity,72,1884,+149,1.11,1.08,Rating 1.0,Top20,2015-01-01..2015-12-31
2015,7594,flamie,Russia,4608,Natus Vincere,94,2516,+221,1.13,1.08,Rating 1.0,Top20,2015-01-01..2015-12-31
2015,7687,nitr0,United States,5973,Liquid,78,2100,+114,1.08,1.08,Rating 1.0,Top20,2015-01-01..2015-12-31
2015,9078,k0nfig,Denmark,5422,Dignitas,32,881,+47,1.08,1.07,Rating 1.0,Top20,2015-01-01..2015-12-31
2015,3055,flusha,Sweden,4991,fnatic,117,3009,+211,1.11,1.07,Rating 1.0,Top20,2015-01-01..2015-12-31
2015,7440,Skadoodle,United States,5752,Cloud9,37,967,+84,1.14,1.07,Rating 1.0,Top20,2015-01-01..2015-12-31
2015,334,AdreN,Kazakhstan,5310|4742,HellRaisers|Nostalgie,24,622,+39,1.09,1.07,Rating 1.0,Top20,2015-01-01..2015-12-31
2015,8346,jdm64,United States,5974,CLG,53,1374,+87,1.10,1.06,Rating 1.0,Top20,2015-01-01..2015-12-31
2015,39,GeT_RiGhT,Sweden,4411,Ninjas in Pyjamas,75,1963,+132,1.10,1.06,Rating 1.0,Top20,2015-01-01..2015-12-31
2015,8412,dream3r,Bulgaria,6226,E-frag.net,53,1356,+77,1.08,1.05,Rating 1.0,Top20,2015-01-01..2015-12-31
2015,7398,dupreeh,Denmark,6548|5996,?,120,3150,+189,1.09,1.05,Rating 1.0,Top20,2015-01-01..2015-12-31
2015,2553,Snax,Poland,5378,Virtus.pro,96,2560,+103,1.06,1.05,Rating 1.0,Top20,2015-01-01..2015-12-31
2015,4954,Xyp9x,Denmark,6548|5996,?,120,3150,+203,1.10,1.04,Rating 1.0,Top20,2015-01-01..2015-12-31
2015,7168,NBK-,France,5991,Envy,101,2658,+107,1.06,1.04,Rating 1.0,Top20,2015-01-01..2015-12-31
2015,7356,MICHU,Poland,6372|5137,CSGL|Poland,50,1313,+27,1.03,1.04,Rating 1.0,Top20,2015-01-01..2015-12-31
2015,2730,chrisJ,Netherlands,4494,MOUZ,65,1721,+32,1.03,1.04,Rating 1.0,Top20,2015-01-01..2015-12-31
2015,1225,shox,France,5284,Titan,89,2313,+58,1.04,1.04,Rating 1.0,Top20,2015-01-01..2015-12-31
2015,8323,mouz,Poland,6372,CSGL,21,562,+20,1.05,1.04,Rating 1.0,Top20,2015-01-01..2015-12-31
2015,2131,bondik,Ukraine,5988,FlipSid3,50,1367,+48,1.05,1.04,Rating 1.0,Top20,2015-01-01..2015-12-31
2015,8248,jkaem,Norway,5995,G2,54,1435,+33,1.03,1.04,Rating 1.0,Top20,2015-01-01..2015-12-31
2015,1146,dennis,Sweden,4991|5995|6134,fnatic|G2|Kinguin,111,2928,+131,1.07,1.03,Rating 1.0,Top20,2015-01-01..2015-12-31
2015,7390,ScreaM,Belgium,5284|6134,Titan|Kinguin,84,2203,+80,1.05,1.03,Rating 1.0,Top20,2015-01-01..2015-12-31
2015,2644,Hiko,United States,5973,Liquid,78,2100,+102,1.08,1.03,Rating 1.0,Top20,2015-01-01..2015-12-31
2015,9032,Magisk,Denmark,6137,SK,26,714,+23,1.05,1.03,Rating 1.0,Top20,2015-01-01..2015-12-31
2015,1485,RUBINO,Norway,5422,Dignitas,30,829,+29,1.05,1.02,Rating 1.0,Top20,2015-01-01..2015-12-31
2015,695,allu,Finland,4411,Ninjas in Pyjamas,71,1845,+56,1.05,1.02,Rating 1.0,Top20,2015-01-01..2015-12-31
2015,3347,seized,Russia,4608,Natus Vincere,94,2516,+75,1.04,1.02,Rating 1.0,Top20,2015-01-01..2015-12-31
2015,7322,apEX,France,5991,Envy,101,2658,+33,1.02,1.02,Rating 1.0,Top20,2015-01-01..2015-12-31
2015,8564,fer,Brazil,6290,Luminosity,72,1884,+19,1.01,1.02,Rating 1.0,Top20,2015-01-01..2015-12-31
2015,2469,cajunb,Denmark,6548|5996,?,123,3225,+132,1.06,1.01,Rating 1.0,Top20,2015-01-01..2015-12-31
2015,2023,FalleN,Brazil,6290,Luminosity,72,1884,+49,1.04,1.01,Rating 1.0,Top20,2015-01-01..2015-12-31
2015,629,fox,Portugal,5995|6134,G2|Kinguin,79,2058,+47,1.03,1.01,Rating 1.0,Top20,2015-01-01..2015-12-31
2015,8151,AcilioN,Denmark,6137,SK,26,714,+6,1.01,1.01,Rating 1.0,Top20,2015-01-01..2015-12-31
2015,3849,JW,Sweden,4991,fnatic,115,2963,+38,1.02,1.01,Rating 1.0,Top20,2015-01-01..2015-12-31
2015,8394,Kjaerbye,Denmark,5422,Dignitas,83,2216,+68,1.05,1.00,Rating 1.0,Top20,2015-01-01..2015-12-31
2015,7154,Pimp,Denmark,5422,Dignitas,56,1489,+29,1.03,1.00,Rating 1.0,Top20,2015-01-01..2015-12-31
2015,8520,NAF,Canada,6292,Conquest,24,643,0,1.00,1.00,Rating 1.0,Top20,2015-01-01..2015-12-31
2015,8349,shroud,Canada,5752,Cloud9,37,967,+2,1.00,0.99,Rating 1.0,Top20,2015-01-01..2015-12-31
2015,317,pashaBiceps,Poland,5378,Virtus.pro,98,2603,-9,1.00,0.99,Rating 1.0,Top20,2015-01-01..2015-12-31
2015,5386,byali,Poland,5378,Virtus.pro,98,2603,+29,1.02,0.99,Rating 1.0,Top20,2015-01-01..2015-12-31
2015,7805,RUSH,United States,6292,Conquest,24,643,-4,0.99,0.99,Rating 1.0,Top20,2015-01-01..2015-12-31
2015,557,fnx,Brazil,6290,Luminosity,20,517,-1,1.00,0.98,Rating 1.0,Top20,2015-01-01..2015-12-31
2015,203,n0thing,United States,5752,Cloud9,37,967,-8,0.99,0.98,Rating 1.0,Top20,2015-01-01..2015-12-31
2015,429,karrigan,Denmark,6548|5996,?,120,3150,-67,0.97,0.98,Rating 1.0,Top20,2015-01-01..2015-12-31
2015,4959,kioShiMa,France,5991,Envy,96,2524,+32,1.02,0.98,Rating 1.0,Top20,2015-01-01..2015-12-31
2015,5287,TENZKI,Denmark,5422,Dignitas,39,1080,+6,1.01,0.98,Rating 1.0,Top20,2015-01-01..2015-12-31
2015,7256,nex,Germany,4494,MOUZ,65,1721,-27,0.98,0.98,Rating 1.0,Top20,2015-01-01..2015-12-31
2015,8523,tarik,United States,5974,CLG,53,1374,-36,0.96,0.97,Rating 1.0,Top20,2015-01-01..2015-12-31
2015,7810,ShahZaM,United States,6292,Conquest,24,643,-14,0.97,0.97,Rating 1.0,Top20,2015-01-01..2015-12-31
2015,338,markeloff,Ukraine,5988,FlipSid3,50,1355,-3,1.00,0.97,Rating 1.0,Top20,2015-01-01..2015-12-31
2015,7433,adreN,United States,5973,Liquid,78,2100,-1,1.00,0.97,Rating 1.0,Top20,2015-01-01..2015-12-31
2015,7834,v1c7oR,Bulgaria,6226,E-frag.net,53,1356,-55,0.94,0.97,Rating 1.0,Top20,2015-01-01..2015-12-31
2015,884,Xizt,Sweden,4411,Ninjas in Pyjamas,73,1886,-10,0.99,0.97,Rating 1.0,Top20,2015-01-01..2015-12-31
2015,7,Friis,Denmark,6137,SK,25,685,-9,0.98,0.96,Rating 1.0,Top20,2015-01-01..2015-12-31
2015,165,NEO,Poland,5378,Virtus.pro,98,2603,-45,0.97,0.96,Rating 1.0,Top20,2015-01-01..2015-12-31
2015,8738,EliGE,United States,5973,Liquid,76,2049,-88,0.94,0.96,Rating 1.0,Top20,2015-01-01..2015-12-31
2015,1045,Maikelele,Sweden,5995|6134,G2|Kinguin,83,2217,-15,0.99,0.96,Rating 1.0,Top20,2015-01-01..2015-12-31
2015,7169,RpK,France,5284,Titan,84,2179,-103,0.94,0.96,Rating 1.0,Top20,2015-01-01..2015-12-31
2015,7964,cadiaN,Denmark,6137,SK,24,635,-27,0.94,0.96,Rating 1.0,Top20,2015-01-01..2015-12-31
2015,5388,rallen,Poland,6375,Vexed,31,802,-19,0.97,0.96,Rating 1.0,Top20,2015-01-01..2015-12-31
2015,3669,innocent,Poland,6372,CSGL,51,1349,-53,0.95,0.95,Rating 1.0,Top20,2015-01-01..2015-12-31
2015,3847,znajder,Sweden,5310|5422,HellRaisers|Dignitas,71,1856,-76,0.94,0.95,Rating 1.0,Top20,2015-01-01..2015-12-31
2015,8522,FugLy,United States,5973,Liquid,78,2100,-82,0.94,0.95,Rating 1.0,Top20,2015-01-01..2015-12-31
2015,339,ANGE1,Ukraine,5310,HellRaisers,85,2243,-130,0.92,0.95,Rating 1.0,Top20,2015-01-01..2015-12-31
2015,483,Edward,Ukraine,4608,Natus Vincere,94,2516,-77,0.96,0.94,Rating 1.0,Top20,2015-01-01..2015-12-31
2015,8137,reltuC,United States,5974,CLG,53,1374,-28,0.97,0.94,Rating 1.0,Top20,2015-01-01..2015-12-31
2015,8327,Furlan,Poland,6375|5137,Vexed|Poland,36,936,-64,0.91,0.94,Rating 1.0,Top20,2015-01-01..2015-12-31
2015,161,TaZ,Poland,5378,Virtus.pro,98,2603,-73,0.96,0.94,Rating 1.0,Top20,2015-01-01..2015-12-31
2015,8347,hazed,United States,5974,CLG,53,1374,-76,0.92,0.94,Rating 1.0,Top20,2015-01-01..2015-12-31
2015,964,mou,Kazakhstan,5310,HellRaisers,24,630,-38,0.91,0.94,Rating 1.0,Top20,2015-01-01..2015-12-31
2015,7808,freakazoid,United States,5752,Cloud9,37,963,-40,0.94,0.93,Rating 1.0,Top20,2015-01-01..2015-12-31
2015,3183,spyleadeR,Bulgaria,6226,E-frag.net,53,1356,-99,0.90,0.93,Rating 1.0,Top20,2015-01-01..2015-12-31
2015,2799,bubble,Bulgaria,6226,E-frag.net,53,1356,-75,0.92,0.92,Rating 1.0,Top20,2015-01-01..2015-12-31
2015,484,Zeus,Ukraine,4608,Natus Vincere,94,2507,-132,0.93,0.92,Rating 1.0,Top20,2015-01-01..2015-12-31
2015,8568,boltz,Brazil,6290,Luminosity,52,1367,-85,0.91,0.92,Rating 1.0,Top20,2015-01-01..2015-12-31
2015,8124,DavCost,Russia,5988,FlipSid3,43,1166,-93,0.88,0.92,Rating 1.0,Top20,2015-01-01..2015-12-31
2015,7166,Ex6TenZ,Belgium,5284,Titan,84,2179,-169,0.89,0.90,Rating 1.0,Top20,2015-01-01..2015-12-31
2015,8507,stanislaw,Canada,6292,Conquest,23,616,-48,0.89,0.90,Rating 1.0,Top20,2015-01-01..2015-12-31
2015,7148,friberg,Sweden,4411,Ninjas in Pyjamas,71,1845,-146,0.89,0.90,Rating 1.0,Top20,2015-01-01..2015-12-31
2015,6904,STYKO,Slovakia,5310,HellRaisers,59,1571,-132,0.88,0.90,Rating 1.0,Top20,2015-01-01..2015-12-31
2015,7170,SmithZz,France,5284,Titan,88,2292,-228,0.86,0.89,Rating 1.0,Top20,2015-01-01..2015-12-31
2015,823,Maniac,Switzerland,5284|5991,Titan,26,672,-60,0.88,0.89,Rating 1.0,Top20,2015-01-01..2015-12-31
2015,6451,FNS,Canada,5974,CLG,53,1374,-107,0.89,0.89,Rating 1.0,Top20,2015-01-01..2015-12-31
2015,1916,seang@res,United States,5752,Cloud9,30,777,-72,0.87,0.88,Rating 1.0,Top20,2015-01-01..2015-12-31
2015,8321,oskarish,Poland,6372,CSGL,35,920,-78,0.88,0.88,Rating 1.0,Top20,2015-01-01..2015-12-31
2015,7382,steel,Brazil,6290,Luminosity,52,1367,-122,0.86,0.86,Rating 1.0,Top20,2015-01-01..2015-12-31
2015,7369,peet,Poland,6375|5137,Vexed|Poland,32,841,-99,0.84,0.86,Rating 1.0,Top20,2015-01-01..2015-12-31
2015,7511,denis,Germany,4494,MOUZ,65,1721,-217,0.83,0.86,Rating 1.0,Top20,2015-01-01..2015-12-31
2015,302,kUcheR,Russia,5310,HellRaisers,83,2180,-259,0.83,0.85,Rating 1.0,Top20,2015-01-01..2015-12-31
2015,7368,Hyper,Poland,6375,Vexed,31,802,-93,0.84,0.85,Rating 1.0,Top20,2015-01-01..2015-12-31
2015,545,MODDII,Sweden,6137,SK,26,714,-85,0.83,0.85,Rating 1.0,Top20,2015-01-01..2015-12-31
2015,7156,MSL,Denmark,5422,Dignitas,86,2291,-358,0.80,0.85,Rating 1.0,Top20,2015-01-01..2015-12-31
2015,8521,daps,Canada,6292,Conquest,24,643,-99,0.79,0.83,Rating 1.0,Top20,2015-01-01..2015-12-31
2015,41,pronax,Sweden,4991,fnatic,68,1777,-253,0.80,0.82,Rating 1.0,Top20,2015-01-01..2015-12-31
2015,8570,GruBy,Poland,6375,Vexed,31,802,-137,0.78,0.81,Rating 1.0,Top20,2015-01-01..2015-12-31
2015,472,B1ad3,Ukraine,5988,FlipSid3,50,1367,-225,0.78,0.81,Rating 1.0,Top20,2015-01-01..2015-12-31
2015,5327,nkl,Bulgaria,6226,E-frag.net,53,1356,-246,0.75,0.78,Rating 1.0,Top20,2015-01-01..2015-12-31
2015,9217,TACO,Brazil,6290,Luminosity,20,517,-120,0.68,0.74,Rating 1.0,Top20,2015-01-01..2015-12-31
2015,136,gob b,Germany,4494,MOUZ,61,1606,-355,0.69,0.73,Rating 1.0,Top20,2015-01-01..2015-12-31
2015,163,Loord,Poland,6372,CSGL,37,977,-252,0.66,0.69,Rating 1.0,Top20,2015-01-01..2015-12-31
2016,798,oskar,Czech Republic,5310|4494,HellRaisers|MOUZ,109,2887,+480,1.26,1.19,Rating 1.0,Top20,2016-01-01..2016-12-31
2016,9216,coldzera,Brazil,6137|6290,Luminosity,186,4842,+894,1.30,1.19,Rating 1.0,Top20,2016-01-01..2016-12-31
2016,7592,device,Denmark,6665,Astralis,225,5852,+914,1.25,1.17,Rating 1.0,Top20,2016-01-01..2016-12-31
2016,3741,NiKo,Bosnia and Herzegovina,4494,MOUZ,188,5034,+558,1.16,1.16,Rating 1.0,Top20,2016-01-01..2016-12-31
2016,7998,s1mple,Ukraine,4608|5973,Natus Vincere|Liquid,106,2817,+268,1.13,1.13,Rating 1.0,Top20,2016-01-01..2016-12-31
2016,1225,shox,France,5995,G2,205,5398,+565,1.15,1.12,Rating 1.0,Top20,2016-01-01..2016-12-31
2016,8565,HEN1,Brazil,7010|6118,Immortals|Tempo Storm,152,4062,+547,1.23,1.12,Rating 1.0,Top20,2016-01-01..2016-12-31
2016,8735,autimatic,United States,5752|5996,Cloud9,106,2781,+263,1.14,1.11,Rating 1.0,Top20,2016-01-01..2016-12-31
2016,7390,ScreaM,Belgium,5995,G2,205,5398,+513,1.14,1.11,Rating 1.0,Top20,2016-01-01..2016-12-31
2016,2023,FalleN,Brazil,6137|6290,Luminosity,186,4842,+591,1.20,1.10,Rating 1.0,Top20,2016-01-01..2016-12-31
2016,9032,Magisk,Denmark,5422|6137,Dignitas,208,5471,+536,1.15,1.10,Rating 1.0,Top20,2016-01-01..2016-12-31
2016,7167,kennyS,France,5991,Envy,195,5168,+552,1.17,1.10,Rating 1.0,Top20,2016-01-01..2016-12-31
2016,3055,flusha,Sweden,6902|4991,GODSENT|fnatic,191,4879,+433,1.13,1.10,Rating 1.0,Top20,2016-01-01..2016-12-31
2016,7443,twist,Sweden,4991|6902,fnatic|GODSENT,83,2183,+156,1.10,1.09,Rating 1.0,Top20,2016-01-01..2016-12-31
2016,29,f0rest,Sweden,4411,Ninjas in Pyjamas,193,5049,+458,1.14,1.09,Rating 1.0,Top20,2016-01-01..2016-12-31
2016,1146,dennis,Sweden,4991,fnatic,174,4511,+313,1.10,1.08,Rating 1.0,Top20,2016-01-01..2016-12-31
2016,8394,Kjaerbye,Denmark,6665|5422,Astralis|Dignitas,226,5821,+423,1.11,1.08,Rating 1.0,Top20,2016-01-01..2016-12-31
2016,2757,GuardiaN,Slovakia,4608,Natus Vincere,145,3802,+295,1.12,1.08,Rating 1.0,Top20,2016-01-01..2016-12-31
2016,39,GeT_RiGhT,Sweden,4411,Ninjas in Pyjamas,193,5049,+337,1.10,1.07,Rating 1.0,Top20,2016-01-01..2016-12-31
2016,885,olofmeister,Sweden,4991,fnatic,142,3650,+247,1.10,1.07,Rating 1.0,Top20,2016-01-01..2016-12-31
2016,7398,dupreeh,Denmark,6665,Astralis,220,5691,+406,1.11,1.07,Rating 1.0,Top20,2016-01-01..2016-12-31
2016,8370,mixwell,Spain,6615,OpTic,146,3752,+240,1.09,1.07,Rating 1.0,Top20,2016-01-01..2016-12-31
2016,9078,k0nfig,Denmark,5422,Dignitas,263,6781,+333,1.07,1.07,Rating 1.0,Top20,2016-01-01..2016-12-31
2016,2469,cajunb,Denmark,5422|6665,Dignitas|Astralis,255,6601,+522,1.12,1.07,Rating 1.0,Top20,2016-01-01..2016-12-31
2016,7403,WorldEdit,Russia,5988,FlipSid3,145,3737,+190,1.07,1.07,Rating 1.0,Top20,2016-01-01..2016-12-31
2016,8183,rain,Norway,6667,FaZe,196,5165,+216,1.06,1.06,Rating 1.0,Top20,2016-01-01..2016-12-31
2016,9031,valde,Denmark,7175|7059,X,108,2843,+139,1.07,1.06,Rating 1.0,Top20,2016-01-01..2016-12-31
2016,8564,fer,Brazil,6137|6290,Luminosity,182,4743,+232,1.07,1.06,Rating 1.0,Top20,2016-01-01..2016-12-31
2016,7594,flamie,Russia,4608,Natus Vincere,149,3923,+156,1.06,1.05,Rating 1.0,Top20,2016-01-01..2016-12-31
2016,8568,boltz,Brazil,7010|6118,Immortals|Tempo Storm,152,4062,+224,1.08,1.05,Rating 1.0,Top20,2016-01-01..2016-12-31
2016,8349,shroud,Canada,5752,Cloud9,176,4640,+261,1.09,1.04,Rating 1.0,Top20,2016-01-01..2016-12-31
2016,3849,JW,Sweden,6902|4991,GODSENT|fnatic,191,4879,+232,1.07,1.04,Rating 1.0,Top20,2016-01-01..2016-12-31
2016,334,AdreN,Kazakhstan,6651,Gambit,80,2089,+26,1.02,1.04,Rating 1.0,Top20,2016-01-01..2016-12-31
2016,3847,znajder,Sweden,6902,GODSENT,96,2448,+103,1.06,1.03,Rating 1.0,Top20,2016-01-01..2016-12-31
2016,6904,STYKO,Slovakia,5310,HellRaisers,113,2981,+85,1.04,1.03,Rating 1.0,Top20,2016-01-01..2016-12-31
2016,8797,Stewie2K,United States,5752,Cloud9,176,4640,+79,1.02,1.03,Rating 1.0,Top20,2016-01-01..2016-12-31
2016,2553,Snax,Poland,5378,Virtus.pro,187,4910,+169,1.05,1.03,Rating 1.0,Top20,2016-01-01..2016-12-31
2016,557,fnx,Brazil,6290|6137,Luminosity,180,4690,+197,1.06,1.03,Rating 1.0,Top20,2016-01-01..2016-12-31
2016,2730,chrisJ,Netherlands,4494,MOUZ,188,5034,+214,1.07,1.03,Rating 1.0,Top20,2016-01-01..2016-12-31
2016,7256,nex,Germany,4494,MOUZ,115,3119,+129,1.06,1.03,Rating 1.0,Top20,2016-01-01..2016-12-31
2016,695,allu,Finland,6667,FaZe,105,2769,+151,1.08,1.03,Rating 1.0,Top20,2016-01-01..2016-12-31
2016,9219,felps,Brazil,7010|6118,Immortals|Tempo Storm,152,4062,+37,1.01,1.02,Rating 1.0,Top20,2016-01-01..2016-12-31
2016,7805,RUSH,United States,6615,OpTic,165,4253,+83,1.03,1.02,Rating 1.0,Top20,2016-01-01..2016-12-31
2016,964,mou,Kazakhstan,6651,Gambit,80,2089,+38,1.03,1.01,Rating 1.0,Top20,2016-01-01..2016-12-31
2016,7440,Skadoodle,United States,5752,Cloud9,176,4640,+250,1.09,1.01,Rating 1.0,Top20,2016-01-01..2016-12-31
2016,8738,EliGE,United States,5973,Liquid,136,3605,-24,0.99,1.00,Rating 1.0,Top20,2016-01-01..2016-12-31
2016,7429,Happy,France,5991,Envy,193,5114,+132,1.04,1.00,Rating 1.0,Top20,2016-01-01..2016-12-31
2016,9261,Lekr0,Sweden,6902|4991,GODSENT|fnatic,96,2508,+3,1.00,1.00,Rating 1.0,Top20,2016-01-01..2016-12-31
2016,5386,byali,Poland,5378,Virtus.pro,187,4910,+22,1.01,1.00,Rating 1.0,Top20,2016-01-01..2016-12-31
2016,8095,aizy,Denmark,6667,FaZe,205,5400,-19,0.99,1.00,Rating 1.0,Top20,2016-01-01..2016-12-31
2016,8523,tarik,United States,6615|5974,OpTic|CLG,178,4587,-27,0.99,1.00,Rating 1.0,Top20,2016-01-01..2016-12-31
2016,4954,Xyp9x,Denmark,6665,Astralis,225,5852,+131,1.04,0.99,Rating 1.0,Top20,2016-01-01..2016-12-31
2016,2131,bondik,Ukraine,5310|5988,HellRaisers|FlipSid3,127,3313,+17,1.01,0.99,Rating 1.0,Top20,2016-01-01..2016-12-31
2016,483,Edward,Ukraine,4608,Natus Vincere,149,3923,+25,1.01,0.99,Rating 1.0,Top20,2016-01-01..2016-12-31
2016,8520,NAF,Canada,6615,OpTic,165,4253,+16,1.01,0.99,Rating 1.0,Top20,2016-01-01..2016-12-31
2016,7528,KRIMZ,Sweden,4991|6902,fnatic|GODSENT,178,4554,+102,1.04,0.99,Rating 1.0,Top20,2016-01-01..2016-12-31
2016,545,MODDII,Sweden,7175|6137|7059,X,189,4976,-27,0.99,0.99,Rating 1.0,Top20,2016-01-01..2016-12-31
2016,7322,apEX,France,5991,Envy,195,5168,-113,0.97,0.98,Rating 1.0,Top20,2016-01-01..2016-12-31
2016,2644,Hiko,United States,5973,Liquid,136,3605,-15,0.99,0.97,Rating 1.0,Top20,2016-01-01..2016-12-31
2016,3347,seized,Russia,4608,Natus Vincere,149,3923,-14,0.99,0.97,Rating 1.0,Top20,2016-01-01..2016-12-31
2016,7687,nitr0,United States,5973,Liquid,136,3605,-88,0.97,0.97,Rating 1.0,Top20,2016-01-01..2016-12-31
2016,884,Xizt,Sweden,4411,Ninjas in Pyjamas,193,5049,-21,0.99,0.97,Rating 1.0,Top20,2016-01-01..2016-12-31
2016,203,n0thing,United States,5752,Cloud9,176,4640,-104,0.97,0.97,Rating 1.0,Top20,2016-01-01..2016-12-31
2016,7169,RpK,France,5995,G2,202,5290,-119,0.97,0.97,Rating 1.0,Top20,2016-01-01..2016-12-31
2016,1485,RUBINO,Norway,5422,Dignitas,245,6295,-183,0.96,0.97,Rating 1.0,Top20,2016-01-01..2016-12-31
2016,161,TaZ,Poland,5378,Virtus.pro,187,4910,-96,0.97,0.96,Rating 1.0,Top20,2016-01-01..2016-12-31
2016,9217,TACO,Brazil,6137|6290,Luminosity,186,4842,-75,0.98,0.96,Rating 1.0,Top20,2016-01-01..2016-12-31
2016,7412,gla1ve,Denmark,6665|7175|7059,Astralis|X,132,3466,-126,0.95,0.96,Rating 1.0,Top20,2016-01-01..2016-12-31
2016,7527,pyth,Sweden,4411,Ninjas in Pyjamas,133,3500,-99,0.96,0.96,Rating 1.0,Top20,2016-01-01..2016-12-31
2016,8507,stanislaw,Canada,6615,OpTic,154,3953,-80,0.97,0.96,Rating 1.0,Top20,2016-01-01..2016-12-31
2016,8566,LUCAS1,Brazil,7010|6118,Immortals|Tempo Storm,150,4017,-103,0.96,0.96,Rating 1.0,Top20,2016-01-01..2016-12-31
2016,8248,jkaem,Norway,6667,FaZe,162,4258,-178,0.94,0.96,Rating 1.0,Top20,2016-01-01..2016-12-31
2016,8346,jdm64,United States,5973|5974,Liquid|CLG,147,3772,-116,0.96,0.96,Rating 1.0,Top20,2016-01-01..2016-12-31
2016,8374,bodyy,France,5995,G2,151,3960,-122,0.96,0.96,Rating 1.0,Top20,2016-01-01..2016-12-31
2016,8413,Zero,Slovakia,5310,HellRaisers,113,2981,-18,0.99,0.95,Rating 1.0,Top20,2016-01-01..2016-12-31
2016,165,NEO,Poland,5378,Virtus.pro,187,4910,-187,0.95,0.95,Rating 1.0,Top20,2016-01-01..2016-12-31
2016,7154,Pimp,Denmark,5973|6137,Liquid,134,3495,-97,0.96,0.95,Rating 1.0,Top20,2016-01-01..2016-12-31
2016,7168,NBK-,France,5991,Envy,191,5061,-206,0.94,0.95,Rating 1.0,Top20,2016-01-01..2016-12-31
2016,7148,friberg,Sweden,4411,Ninjas in Pyjamas,190,4977,-195,0.94,0.94,Rating 1.0,Top20,2016-01-01..2016-12-31
2016,338,markeloff,Ukraine,5988,FlipSid3,143,3690,-143,0.94,0.94,Rating 1.0,Top20,2016-01-01..2016-12-31
2016,4959,kioShiMa,France,6667|5991,FaZe,190,4979,-143,0.96,0.94,Rating 1.0,Top20,2016-01-01..2016-12-31
2016,7499,Spiidi,Germany,4494,MOUZ,186,4984,-104,0.97,0.94,Rating 1.0,Top20,2016-01-01..2016-12-31
2016,629,fox,Portugal,6667,FaZe,99,2593,-115,0.93,0.93,Rating 1.0,Top20,2016-01-01..2016-12-31
2016,7,Friis,Denmark,7175|6137|7059,X,188,4954,-169,0.95,0.93,Rating 1.0,Top20,2016-01-01..2016-12-31
2016,484,Zeus,Ukraine,6651|4608,Gambit|Natus Vincere,113,2972,-116,0.94,0.93,Rating 1.0,Top20,2016-01-01..2016-12-31
2016,317,pashaBiceps,Poland,5378,Virtus.pro,187,4910,-299,0.91,0.93,Rating 1.0,Top20,2016-01-01..2016-12-31
2016,5287,TENZKI,Denmark,5422,Dignitas,131,3321,-152,0.93,0.92,Rating 1.0,Top20,2016-01-01..2016-12-31
2016,339,ANGE1,Ukraine,5310,HellRaisers,115,3028,-203,0.91,0.92,Rating 1.0,Top20,2016-01-01..2016-12-31
2016,735,Dosia,Russia,6651,Gambit,80,2089,-142,0.90,0.91,Rating 1.0,Top20,2016-01-01..2016-12-31
2016,7170,SmithZz,France,5995,G2,205,5398,-326,0.91,0.91,Rating 1.0,Top20,2016-01-01..2016-12-31
2016,1045,Maikelele,Sweden,4411|6667|5995,Ninjas in Pyjamas|FaZe|G2,75,1960,-110,0.92,0.91,Rating 1.0,Top20,2016-01-01..2016-12-31
2016,2031,wenton,Sweden,4991,fnatic,69,1810,-117,0.90,0.90,Rating 1.0,Top20,2016-01-01..2016-12-31
2016,429,karrigan,Denmark,6667|6665,FaZe|Astralis,229,6060,-455,0.89,0.90,Rating 1.0,Top20,2016-01-01..2016-12-31
2016,8347,hazed,United States,5974,CLG,84,2140,-229,0.85,0.89,Rating 1.0,Top20,2016-01-01..2016-12-31
2016,7511,denis,Germany,4494,MOUZ,188,5034,-460,0.87,0.89,Rating 1.0,Top20,2016-01-01..2016-12-31
2016,8569,DEVIL,France,5991,Envy,95,2537,-219,0.87,0.88,Rating 1.0,Top20,2016-01-01..2016-12-31
2016,9220,SHOOWTiME,Brazil,6118|7010,Tempo Storm|Immortals,82,2157,-205,0.86,0.88,Rating 1.0,Top20,2016-01-01..2016-12-31
2016,7808,freakazoid,United States,5752|6680,Cloud9|Echo Fox,71,1861,-207,0.85,0.87,Rating 1.0,Top20,2016-01-01..2016-12-31
2016,8522,FugLy,United States,5974,CLG,65,1657,-193,0.84,0.86,Rating 1.0,Top20,2016-01-01..2016-12-31
2016,7796,wayLander,Russia,5988|6651,FlipSid3|Gambit,113,2867,-379,0.82,0.86,Rating 1.0,Top20,2016-01-01..2016-12-31
2016,922,Snappi,Denmark,7175|7059,X,97,2557,-296,0.84,0.86,Rating 1.0,Top20,2016-01-01..2016-12-31
2016,8151,AcilioN,Denmark,6137,SK,92,2419,-281,0.84,0.86,Rating 1.0,Top20,2016-01-01..2016-12-31
2016,1866,Shara,Ukraine,5988,FlipSid3,114,2954,-351,0.84,0.85,Rating 1.0,Top20,2016-01-01..2016-12-31
2016,8137,reltuC,United States,5974,CLG,85,2165,-252,0.83,0.85,Rating 1.0,Top20,2016-01-01..2016-12-31
2016,8521,daps,Canada,6615,OpTic,83,2131,-267,0.82,0.85,Rating 1.0,Top20,2016-01-01..2016-12-31
2016,7156,MSL,Denmark,5422,Dignitas,263,6781,-1049,0.79,0.83,Rating 1.0,Top20,2016-01-01..2016-12-31
2016,499,hooch,Russia,6651,Gambit,64,1697,-237,0.80,0.82,Rating 1.0,Top20,2016-01-01..2016-12-31
2016,41,pronax,Sweden,6902,GODSENT,96,2448,-341,0.80,0.82,Rating 1.0,Top20,2016-01-01..2016-12-31
2016,472,B1ad3,Ukraine,5988,FlipSid3,145,3737,-739,0.74,0.78,Rating 1.0,Top20,2016-01-01..2016-12-31
2017,7938,XANTARES,Türkiye,5929,Space Soldiers,85,2259,+311,1.19,1.29,Rating 2.0,Top20,2017-01-01..2017-12-31
2017,3741,NiKo,Bosnia and Herzegovina,6667|4494,FaZe|MOUZ,229,5985,+955,1.25,1.23,Rating 2.0,Top20,2017-01-01..2017-12-31
2017,7998,s1mple,Ukraine,4608,Natus Vincere,143,3815,+646,1.25,1.22,Rating 2.0,Top20,2017-01-01..2017-12-31
2017,9216,coldzera,Brazil,6137,SK,199,5232,+1029,1.33,1.21,Rating 2.0,Top20,2017-01-01..2017-12-31
2017,8564,fer,Brazil,6137,SK,199,5232,+518,1.15,1.20,Rating 2.0,Top20,2017-01-01..2017-12-31
2017,8183,rain,Norway,6667,FaZe,222,5831,+438,1.11,1.17,Rating 2.0,Top20,2017-01-01..2017-12-31
2017,5794,tabseN,Germany,7532,BIG,103,2718,+119,1.06,1.16,Rating 2.0,Top20,2017-01-01..2017-12-31
2017,7592,device,Denmark,6665,Astralis,176,4654,+572,1.19,1.15,Rating 2.0,Top20,2017-01-01..2017-12-31
2017,8575,Calyx,Türkiye,5929,Space Soldiers,76,2013,+220,1.18,1.15,Rating 2.0,Top20,2017-01-01..2017-12-31
2017,798,oskar,Czech Republic,4494,MOUZ,181,4815,+486,1.15,1.15,Rating 2.0,Top20,2017-01-01..2017-12-31
2017,10394,Twistzz,Canada,5973,Liquid,140,3699,+400,1.17,1.14,Rating 2.0,Top20,2017-01-01..2017-12-31
2017,9353,paz,Türkiye,5929,Space Soldiers,75,2003,+170,1.13,1.14,Rating 2.0,Top20,2017-01-01..2017-12-31
2017,9078,k0nfig,Denmark,7533,North,157,4226,+368,1.13,1.14,Rating 2.0,Top20,2017-01-01..2017-12-31
2017,7167,kennyS,France,5995,G2,190,5097,+640,1.20,1.14,Rating 2.0,Top20,2017-01-01..2017-12-31
2017,8738,EliGE,United States,5973,Liquid,160,4258,+217,1.07,1.13,Rating 2.0,Top20,2017-01-01..2017-12-31
2017,9261,Lekr0,Sweden,4991|6902,fnatic|GODSENT,118,3190,+207,1.10,1.12,Rating 2.0,Top20,2017-01-01..2017-12-31
2017,8568,boltz,Brazil,6137|7010,Immortals,161,4207,+207,1.07,1.12,Rating 2.0,Top20,2017-01-01..2017-12-31
2017,7398,dupreeh,Denmark,6665,Astralis,198,5252,+295,1.08,1.12,Rating 2.0,Top20,2017-01-01..2017-12-31
2017,2023,FalleN,Brazil,6137,SK,199,5232,+440,1.14,1.11,Rating 2.0,Top20,2017-01-01..2017-12-31
2017,8797,Stewie2K,United States,5752,Cloud9,166,4370,+82,1.03,1.11,Rating 2.0,Top20,2017-01-01..2017-12-31
2017,8520,NAF,Canada,6211|6615,Renegades|OpTic,126,3352,+148,1.07,1.11,Rating 2.0,Top20,2017-01-01..2017-12-31
2017,8783,JUGi,Denmark,7175,HEROIC,140,3692,+373,1.16,1.11,Rating 2.0,Top20,2017-01-01..2017-12-31
2017,7256,nex,Germany,7532,BIG,103,2718,+112,1.06,1.11,Rating 2.0,Top20,2017-01-01..2017-12-31
2017,2757,GuardiaN,Slovakia,6667|4608,FaZe|Natus Vincere,191,4935,+468,1.15,1.11,Rating 2.0,Top20,2017-01-01..2017-12-31
2017,9255,draken,Sweden,4411,Ninjas in Pyjamas,168,4364,+347,1.12,1.11,Rating 2.0,Top20,2017-01-01..2017-12-31
2017,885,olofmeister,Sweden,6667|4991,FaZe|fnatic,223,5798,+388,1.10,1.10,Rating 2.0,Top20,2017-01-01..2017-12-31
2017,11816,ropz,Estonia,4494,MOUZ,152,4073,+262,1.10,1.10,Rating 2.0,Top20,2017-01-01..2017-12-31
2017,5479,suNny,Finland,4494|5395,MOUZ,126,3299,+135,1.06,1.10,Rating 2.0,Top20,2017-01-01..2017-12-31
2017,8528,HObbit,Kazakhstan,6651,Gambit,121,3328,+177,1.08,1.10,Rating 2.0,Top20,2017-01-01..2017-12-31
2017,8994,HS,Estonia,6615|5395,OpTic,70,1758,+36,1.03,1.09,Rating 2.0,Top20,2017-01-01..2017-12-31
2017,9278,REZ,Sweden,4411|4688,Ninjas in Pyjamas|Epsilon,128,3344,+65,1.03,1.09,Rating 2.0,Top20,2017-01-01..2017-12-31
2017,8745,Rickeh,Australia,5974,CLG,96,2628,+43,1.02,1.09,Rating 2.0,Top20,2017-01-01..2017-12-31
2017,39,GeT_RiGhT,Sweden,4411,Ninjas in Pyjamas,171,4449,+137,1.05,1.09,Rating 2.0,Top20,2017-01-01..2017-12-31
2017,7390,ScreaM,Belgium,5991,Envy,143,3657,+65,1.03,1.09,Rating 2.0,Top20,2017-01-01..2017-12-31
2017,7594,flamie,Russia,4608,Natus Vincere,135,3607,+82,1.03,1.08,Rating 2.0,Top20,2017-01-01..2017-12-31
2017,9032,Magisk,Denmark,6615|7533,OpTic,134,3562,+143,1.06,1.08,Rating 2.0,Top20,2017-01-01..2017-12-31
2017,3849,JW,Sweden,4991,fnatic,183,4867,+181,1.05,1.08,Rating 2.0,Top20,2017-01-01..2017-12-31
2017,8735,autimatic,United States,5752,Cloud9,164,4315,+99,1.03,1.08,Rating 2.0,Top20,2017-01-01..2017-12-31
2017,8565,HEN1,Brazil,7010,Immortals,121,3140,+183,1.09,1.08,Rating 2.0,Top20,2017-01-01..2017-12-31
2017,4954,Xyp9x,Denmark,6665,Astralis,198,5252,+234,1.07,1.08,Rating 2.0,Top20,2017-01-01..2017-12-31
2017,334,AdreN,Kazakhstan,6651,Gambit,120,3298,+44,1.02,1.08,Rating 2.0,Top20,2017-01-01..2017-12-31
2017,339,ANGE1,Ukraine,5310,HellRaisers,130,3427,-86,0.97,1.08,Rating 2.0,Top20,2017-01-01..2017-12-31
2017,8394,Kjaerbye,Denmark,6665,Astralis,198,5252,+235,1.07,1.08,Rating 2.0,Top20,2017-01-01..2017-12-31
2017,2469,cajunb,Denmark,7533,North,157,4226,+283,1.11,1.08,Rating 2.0,Top20,2017-01-01..2017-12-31
2017,29,f0rest,Sweden,4411,Ninjas in Pyjamas,169,4394,+228,1.08,1.08,Rating 2.0,Top20,2017-01-01..2017-12-31
2017,9031,valde,Denmark,7533|7175,North,121,3282,+55,1.02,1.07,Rating 2.0,Top20,2017-01-01..2017-12-31
2017,1225,shox,France,5995,G2,184,4915,+179,1.06,1.07,Rating 2.0,Top20,2017-01-01..2017-12-31
2017,8566,LUCAS1,Brazil,7010,Immortals,121,3140,+11,1.01,1.07,Rating 2.0,Top20,2017-01-01..2017-12-31
2017,7169,RpK,France,5991,Envy,146,3736,-65,0.98,1.07,Rating 2.0,Top20,2017-01-01..2017-12-31
2017,8918,electroNic,Russia,4608|5988,Natus Vincere|FlipSid3,78,2080,-4,1.00,1.07,Rating 2.0,Top20,2017-01-01..2017-12-31
2017,7322,apEX,France,5995,G2,190,5097,+39,1.01,1.07,Rating 2.0,Top20,2017-01-01..2017-12-31
2017,7168,NBK-,France,5995,G2,190,5097,-7,1.00,1.07,Rating 2.0,Top20,2017-01-01..2017-12-31
2017,10671,Ethan,United States,5974,CLG,95,2574,-8,1.00,1.06,Rating 2.0,Top20,2017-01-01..2017-12-31
2017,3055,flusha,Sweden,4991,fnatic,182,4838,-26,0.99,1.06,Rating 2.0,Top20,2017-01-01..2017-12-31
2017,964,mou,Kazakhstan,6651,Gambit,121,3328,+119,1.05,1.06,Rating 2.0,Top20,2017-01-01..2017-12-31
2017,9219,felps,Brazil,6137,SK,146,3820,-79,0.97,1.05,Rating 2.0,Top20,2017-01-01..2017-12-31
2017,8370,mixwell,Spain,6615,OpTic,122,3190,-23,0.99,1.05,Rating 2.0,Top20,2017-01-01..2017-12-31
2017,10264,niko,Denmark,7175,HEROIC,156,4125,+35,1.01,1.05,Rating 2.0,Top20,2017-01-01..2017-12-31
2017,10449,ISSAA,Jordan,5310,HellRaisers,61,1628,-18,0.98,1.04,Rating 2.0,Top20,2017-01-01..2017-12-31
2017,4679,jks,Australia,6211,Renegades,80,2155,-3,1.00,1.04,Rating 2.0,Top20,2017-01-01..2017-12-31
2017,695,allu,Finland,6615|6667,OpTic|FaZe,152,4006,+148,1.06,1.04,Rating 2.0,Top20,2017-01-01..2017-12-31
2017,8413,Zero,Slovakia,5310,HellRaisers,115,3050,+69,1.03,1.04,Rating 2.0,Top20,2017-01-01..2017-12-31
2017,7429,Happy,France,5991,Envy,152,3918,+27,1.01,1.03,Rating 2.0,Top20,2017-01-01..2017-12-31
2017,8523,tarik,United States,5752|6615,Cloud9|OpTic,151,3954,-137,0.95,1.03,Rating 2.0,Top20,2017-01-01..2017-12-31
2017,317,pashaBiceps,Poland,5378,Virtus.pro,171,4374,-9,1.00,1.03,Rating 2.0,Top20,2017-01-01..2017-12-31
2017,1146,dennis,Sweden,4991,fnatic,117,3071,-47,0.98,1.03,Rating 2.0,Top20,2017-01-01..2017-12-31
2017,8771,USTILO,Australia,6211,Renegades,80,2155,-115,0.93,1.03,Rating 2.0,Top20,2017-01-01..2017-12-31
2017,8374,bodyy,France,5995,G2,184,4915,-122,0.96,1.02,Rating 2.0,Top20,2017-01-01..2017-12-31
2017,5386,byali,Poland,5378,Virtus.pro,173,4413,-86,0.97,1.02,Rating 2.0,Top20,2017-01-01..2017-12-31
2017,2553,Snax,Poland,5378,Virtus.pro,173,4413,-57,0.98,1.02,Rating 2.0,Top20,2017-01-01..2017-12-31
2017,7528,KRIMZ,Sweden,4991,fnatic,181,4802,+7,1.00,1.02,Rating 2.0,Top20,2017-01-01..2017-12-31
2017,2131,bondik,Ukraine,5310,HellRaisers,73,1913,-31,0.98,1.02,Rating 2.0,Top20,2017-01-01..2017-12-31
2017,8095,aizy,Denmark,7533,North,160,4299,-173,0.94,1.02,Rating 2.0,Top20,2017-01-01..2017-12-31
2017,3997,loWel,Spain,4494,MOUZ,91,2397,-4,1.00,1.02,Rating 2.0,Top20,2017-01-01..2017-12-31
2017,4959,kioShiMa,France,6667,FaZe,109,2915,-55,0.97,1.02,Rating 2.0,Top20,2017-01-01..2017-12-31
2017,7805,RUSH,United States,5752|6615,Cloud9|OpTic,151,3954,-104,0.96,1.01,Rating 2.0,Top20,2017-01-01..2017-12-31
2017,9056,koosta,United States,5974,CLG,95,2574,-34,0.98,1.01,Rating 2.0,Top20,2017-01-01..2017-12-31
2017,8082,AZR,Australia,6211,Renegades,80,2155,-102,0.93,1.01,Rating 2.0,Top20,2017-01-01..2017-12-31
2017,7440,Skadoodle,United States,5752,Cloud9,156,4089,+73,1.03,1.01,Rating 2.0,Top20,2017-01-01..2017-12-31
2017,7382,steel,Brazil,7010,Immortals,131,3428,-56,0.98,1.00,Rating 2.0,Top20,2017-01-01..2017-12-31
2017,735,Dosia,Russia,6651,Gambit,121,3328,-108,0.95,1.00,Rating 2.0,Top20,2017-01-01..2017-12-31
2017,150,MAJ3R,Türkiye,5929,Space Soldiers,85,2259,-87,0.94,1.00,Rating 2.0,Top20,2017-01-01..2017-12-31
2017,8716,DeadFox,Hungary,5310,HellRaisers,130,3427,-118,0.95,0.99,Rating 2.0,Top20,2017-01-01..2017-12-31
2017,7412,gla1ve,Denmark,6665,Astralis,198,5252,-264,0.92,0.99,Rating 2.0,Top20,2017-01-01..2017-12-31
2017,8137,reltuC,United States,5974,CLG,95,2574,-111,0.94,0.99,Rating 2.0,Top20,2017-01-01..2017-12-31
2017,545,MODDII,Sweden,7175,HEROIC,156,4125,-208,0.93,0.99,Rating 2.0,Top20,2017-01-01..2017-12-31
2017,2730,chrisJ,Netherlands,4494,MOUZ,171,4523,-264,0.91,0.99,Rating 2.0,Top20,2017-01-01..2017-12-31
2017,8346,jdm64,United States,5973,Liquid,160,4258,-136,0.95,0.99,Rating 2.0,Top20,2017-01-01..2017-12-31
2017,884,Xizt,Sweden,4411,Ninjas in Pyjamas,171,4449,-305,0.90,0.99,Rating 2.0,Top20,2017-01-01..2017-12-31
2017,922,Snappi,Denmark,7175,HEROIC,156,4125,-221,0.93,0.98,Rating 2.0,Top20,2017-01-01..2017-12-31
2017,483,Edward,Ukraine,4608,Natus Vincere,137,3666,-182,0.93,0.98,Rating 2.0,Top20,2017-01-01..2017-12-31
2017,9069,Nifty,United States,6211,Renegades,77,2053,-55,0.96,0.98,Rating 2.0,Top20,2017-01-01..2017-12-31
2017,5799,keev,Germany,7532,BIG,103,2718,-56,0.97,0.98,Rating 2.0,Top20,2017-01-01..2017-12-31
2017,8507,stanislaw,Canada,5973,Liquid,142,3691,-218,0.91,0.98,Rating 2.0,Top20,2017-01-01..2017-12-31
2017,6904,STYKO,Slovakia,4494|5310,MOUZ|HellRaisers,169,4448,-275,0.91,0.98,Rating 2.0,Top20,2017-01-01..2017-12-31
2017,7687,nitr0,United States,5973,Liquid,160,4258,-326,0.89,0.97,Rating 2.0,Top20,2017-01-01..2017-12-31
2017,7511,denis,Germany,4494,MOUZ,89,2353,-190,0.89,0.97,Rating 2.0,Top20,2017-01-01..2017-12-31
2017,7156,MSL,Denmark,7533,North,157,4226,-474,0.85,0.96,Rating 2.0,Top20,2017-01-01..2017-12-31
2017,9545,xms,France,5991,Envy,138,3538,-303,0.88,0.96,Rating 2.0,Top20,2017-01-01..2017-12-31
2017,9217,TACO,Brazil,6137,SK,199,5232,-222,0.93,0.96,Rating 2.0,Top20,2017-01-01..2017-12-31
2017,203,n0thing,United States,5752,Cloud9,93,2498,-147,0.92,0.96,Rating 2.0,Top20,2017-01-01..2017-12-31
2017,8349,shroud,Canada,5752,Cloud9,95,2553,-159,0.91,0.96,Rating 2.0,Top20,2017-01-01..2017-12-31
2017,338,markeloff,Ukraine,5988,FlipSid3,62,1621,-101,0.91,0.95,Rating 2.0,Top20,2017-01-01..2017-12-31
2017,7148,friberg,Sweden,6615|4411,OpTic|Ninjas in Pyjamas,104,2660,-269,0.86,0.95,Rating 2.0,Top20,2017-01-01..2017-12-31
2017,429,karrigan,Denmark,6667,FaZe,222,5831,-450,0.88,0.94,Rating 2.0,Top20,2017-01-01..2017-12-31
2017,165,NEO,Poland,5378,Virtus.pro,173,4413,-448,0.86,0.94,Rating 2.0,Top20,2017-01-01..2017-12-31
2017,8611,es3tag,Denmark,7175,HEROIC,100,2561,-336,0.82,0.93,Rating 2.0,Top20,2017-01-01..2017-12-31
2017,147,SIXER,France,5991,Envy,152,3918,-241,0.91,0.93,Rating 2.0,Top20,2017-01-01..2017-12-31
2017,484,Zeus,Ukraine,4608|6651,Natus Vincere|Gambit,125,3435,-389,0.84,0.93,Rating 2.0,Top20,2017-01-01..2017-12-31
2017,3347,seized,Russia,4608,Natus Vincere,108,2828,-341,0.83,0.91,Rating 2.0,Top20,2017-01-01..2017-12-31
2017,161,TaZ,Poland,5378,Virtus.pro,173,4413,-484,0.84,0.90,Rating 2.0,Top20,2017-01-01..2017-12-31
2017,11110,Golden,Sweden,4991,fnatic,80,2151,-280,0.82,0.90,Rating 2.0,Top20,2017-01-01..2017-12-31
2017,136,gob b,Germany,7532,BIG,103,2718,-374,0.80,0.89,Rating 2.0,Top20,2017-01-01..2017-12-31
2017,3252,LEGIJA,Germany,7532,BIG,103,2718,-425,0.78,0.88,Rating 2.0,Top20,2017-01-01..2017-12-31
2017,6451,FNS,Canada,5974,CLG,93,2526,-474,0.74,0.84,Rating 2.0,Top20,2017-01-01..2017-12-31
2018,7998,s1mple,Ukraine,4608,Natus Vincere,209,5445,+1534,1.47,1.34,Rating 2.0,Top20,2018-01-01..2018-12-31
2018,7592,device,Denmark,6665,Astralis,238,6225,+1196,1.32,1.23,Rating 2.0,Top20,2018-01-01..2018-12-31
2018,7938,XANTARES,Türkiye,5929|9572,Space Soldiers|ex-Space Soldiers,137,3613,+297,1.11,1.23,Rating 2.0,Top20,2018-01-01..2018-12-31
2018,3741,NiKo,Bosnia and Herzegovina,6667,FaZe,228,6045,+884,1.23,1.21,Rating 2.0,Top20,2018-01-01..2018-12-31
2018,5794,tabseN,Germany,7532,BIG,98,2605,+257,1.14,1.20,Rating 2.0,Top20,2018-01-01..2018-12-31
2018,8574,woxic,Türkiye,5310,HellRaisers,169,4396,+674,1.24,1.19,Rating 2.0,Top20,2018-01-01..2018-12-31
2018,11916,sergej,Finland,4869,ENCE,61,1609,+208,1.20,1.18,Rating 2.0,Top20,2018-01-01..2018-12-31
2018,10671,Ethan,United States,6673,NRG,133,3510,+278,1.12,1.18,Rating 2.0,Top20,2018-01-01..2018-12-31
2018,8918,electroNic,Russia,4608,Natus Vincere,205,5343,+567,1.17,1.17,Rating 2.0,Top20,2018-01-01..2018-12-31
2018,7398,dupreeh,Denmark,6665,Astralis,238,6225,+647,1.16,1.17,Rating 2.0,Top20,2018-01-01..2018-12-31
2018,9032,Magisk,Denmark,6665,Astralis,234,6131,+631,1.17,1.15,Rating 2.0,Top20,2018-01-01..2018-12-31
2018,8520,NAF,Canada,5973,Liquid,211,5493,+453,1.13,1.15,Rating 2.0,Top20,2018-01-01..2018-12-31
2018,9216,coldzera,Brazil,9215|6137,MIBR,167,4562,+611,1.21,1.14,Rating 2.0,Top20,2018-01-01..2018-12-31
2018,9031,valde,Denmark,7533,North,215,5678,+516,1.14,1.13,Rating 2.0,Top20,2018-01-01..2018-12-31
2018,4076,Aerial,Finland,4869,ENCE,61,1609,+105,1.10,1.13,Rating 2.0,Top20,2018-01-01..2018-12-31
2018,8735,autimatic,United States,5752,Cloud9,107,2855,+230,1.12,1.13,Rating 2.0,Top20,2018-01-01..2018-12-31
2018,798,oskar,Czech Republic,4494,MOUZ,236,6193,+575,1.14,1.12,Rating 2.0,Top20,2018-01-01..2018-12-31
2018,7412,gla1ve,Denmark,6665,Astralis,238,6225,+405,1.10,1.12,Rating 2.0,Top20,2018-01-01..2018-12-31
2018,10394,Twistzz,Canada,5973,Liquid,211,5520,+535,1.15,1.12,Rating 2.0,Top20,2018-01-01..2018-12-31
2018,4954,Xyp9x,Denmark,6665,Astralis,238,6225,+576,1.16,1.12,Rating 2.0,Top20,2018-01-01..2018-12-31
2018,9136,Brehze,United States,6673,NRG,133,3510,+248,1.11,1.12,Rating 2.0,Top20,2018-01-01..2018-12-31
2018,5479,suNny,Finland,4494,MOUZ,245,6421,+354,1.08,1.11,Rating 2.0,Top20,2018-01-01..2018-12-31
2018,11219,CeRq,Bulgaria,6673,NRG,133,3510,+285,1.13,1.11,Rating 2.0,Top20,2018-01-01..2018-12-31
2018,695,allu,Finland,4869,ENCE,61,1609,+176,1.18,1.11,Rating 2.0,Top20,2018-01-01..2018-12-31
2018,7322,apEX,France,5995,G2,79,2086,+28,1.02,1.10,Rating 2.0,Top20,2018-01-01..2018-12-31
2018,9078,k0nfig,Denmark,6615,OpTic,98,2642,+3,1.00,1.10,Rating 2.0,Top20,2018-01-01..2018-12-31
2018,10449,ISSAA,Jordan,5310,HellRaisers,175,4544,+297,1.10,1.10,Rating 2.0,Top20,2018-01-01..2018-12-31
2018,8394,Kjaerbye,Denmark,7533,North,217,5716,+223,1.06,1.09,Rating 2.0,Top20,2018-01-01..2018-12-31
2018,8738,EliGE,United States,5973,Liquid,217,5656,+90,1.02,1.09,Rating 2.0,Top20,2018-01-01..2018-12-31
2018,7256,nex,Germany,7532,BIG,96,2538,+117,1.07,1.09,Rating 2.0,Top20,2018-01-01..2018-12-31
2018,2757,GuardiaN,Slovakia,6667,FaZe,228,6045,+515,1.14,1.09,Rating 2.0,Top20,2018-01-01..2018-12-31
2018,7528,KRIMZ,Sweden,4991,fnatic,178,4715,+200,1.06,1.09,Rating 2.0,Top20,2018-01-01..2018-12-31
2018,7167,kennyS,France,5995,G2,167,4433,+317,1.11,1.08,Rating 2.0,Top20,2018-01-01..2018-12-31
2018,8575,Calyx,Türkiye,9572|5929,ex-Space Soldiers|Space Soldiers,134,3540,+239,1.10,1.08,Rating 2.0,Top20,2018-01-01..2018-12-31
2018,11816,ropz,Estonia,4494,MOUZ,245,6421,+476,1.12,1.08,Rating 2.0,Top20,2018-01-01..2018-12-31
2018,8611,es3tag,Denmark,7175,HEROIC,150,3924,+44,1.02,1.08,Rating 2.0,Top20,2018-01-01..2018-12-31
2018,8783,JUGi,Denmark,6615|7175,OpTic,135,3580,+207,1.09,1.07,Rating 2.0,Top20,2018-01-01..2018-12-31
2018,2023,FalleN,Brazil,9215|6137,MIBR,167,4562,+248,1.09,1.07,Rating 2.0,Top20,2018-01-01..2018-12-31
2018,8183,rain,Norway,6667,FaZe,228,6045,-22,0.99,1.07,Rating 2.0,Top20,2018-01-01..2018-12-31
2018,7443,twist,Sweden,4991|6902,fnatic|GODSENT,123,3320,+132,1.06,1.07,Rating 2.0,Top20,2018-01-01..2018-12-31
2018,9895,mertz,Denmark,7175|7533,HEROIC,186,4917,+198,1.06,1.07,Rating 2.0,Top20,2018-01-01..2018-12-31
2018,7594,flamie,Russia,4608,Natus Vincere,207,5400,+128,1.04,1.07,Rating 2.0,Top20,2018-01-01..2018-12-31
2018,2469,cajunb,Denmark,6615,OpTic,98,2642,+111,1.07,1.06,Rating 2.0,Top20,2018-01-01..2018-12-31
2018,13666,Brollan,Sweden,4991|6902,fnatic|GODSENT,119,3213,+70,1.03,1.06,Rating 2.0,Top20,2018-01-01..2018-12-31
2018,9278,REZ,Sweden,4411,Ninjas in Pyjamas,181,4755,+10,1.00,1.06,Rating 2.0,Top20,2018-01-01..2018-12-31
2018,29,f0rest,Sweden,4411,Ninjas in Pyjamas,181,4755,+182,1.06,1.06,Rating 2.0,Top20,2018-01-01..2018-12-31
2018,1225,shox,France,5995,G2,126,3326,+91,1.04,1.06,Rating 2.0,Top20,2018-01-01..2018-12-31
2018,8564,fer,Brazil,9215|6137,MIBR,162,4439,-130,0.96,1.06,Rating 2.0,Top20,2018-01-01..2018-12-31
2018,9353,paz,Türkiye,9572|5929,ex-Space Soldiers|Space Soldiers,137,3613,+95,1.04,1.05,Rating 2.0,Top20,2018-01-01..2018-12-31
2018,7131,BnTeT,Indonesia,4863,TYLOO,81,2208,+24,1.02,1.05,Rating 2.0,Top20,2018-01-01..2018-12-31
2018,964,mou,Kazakhstan,6651,Gambit,148,3909,+105,1.04,1.05,Rating 2.0,Top20,2018-01-01..2018-12-31
2018,8523,tarik,United States,9215|5752,MIBR|Cloud9,172,4526,-20,0.99,1.05,Rating 2.0,Top20,2018-01-01..2018-12-31
2018,3055,flusha,Sweden,4991,fnatic,134,3544,-125,0.95,1.04,Rating 2.0,Top20,2018-01-01..2018-12-31
2018,7687,nitr0,United States,5973,Liquid,217,5656,-6,1.00,1.04,Rating 2.0,Top20,2018-01-01..2018-12-31
2018,11271,smooya,United Kingdom,7532,BIG,98,2605,+74,1.04,1.04,Rating 2.0,Top20,2018-01-01..2018-12-31
2018,9766,hampus,Sweden,6902,GODSENT,76,2062,-40,0.97,1.04,Rating 2.0,Top20,2018-01-01..2018-12-31
2018,9261,Lekr0,Sweden,4411|4991,Ninjas in Pyjamas|fnatic,195,5107,+26,1.01,1.04,Rating 2.0,Top20,2018-01-01..2018-12-31
2018,9255,draken,Sweden,4411|4991,Ninjas in Pyjamas|fnatic,111,2941,+60,1.03,1.04,Rating 2.0,Top20,2018-01-01..2018-12-31
2018,8570,GruBy,Poland,8068,AGO,112,2996,-28,0.99,1.04,Rating 2.0,Top20,2018-01-01..2018-12-31
2018,8797,Stewie2K,United States,9215|5752|6137,MIBR|Cloud9,186,4956,-165,0.95,1.04,Rating 2.0,Top20,2018-01-01..2018-12-31
2018,9256,disco doplan,Sweden,6902,GODSENT,76,2062,-4,1.00,1.03,Rating 2.0,Top20,2018-01-01..2018-12-31
2018,1146,dennis,Sweden,4411,Ninjas in Pyjamas,175,4602,-12,1.00,1.03,Rating 2.0,Top20,2018-01-01..2018-12-31
2018,7168,NBK-,France,5995,G2,79,2086,-58,0.96,1.03,Rating 2.0,Top20,2018-01-01..2018-12-31
2018,8095,aizy,Denmark,7533,North,215,5678,-7,1.00,1.03,Rating 2.0,Top20,2018-01-01..2018-12-31
2018,8528,HObbit,Kazakhstan,5310|6651,HellRaisers|Gambit,167,4393,-4,1.00,1.03,Rating 2.0,Top20,2018-01-01..2018-12-31
2018,885,olofmeister,Sweden,6667,FaZe,152,4068,-10,1.00,1.02,Rating 2.0,Top20,2018-01-01..2018-12-31
2018,4679,jks,Australia,6211,Renegades,119,3189,-8,1.00,1.02,Rating 2.0,Top20,2018-01-01..2018-12-31
2018,8248,jkaem,Norway,6211,Renegades,113,3034,-135,0.94,1.02,Rating 2.0,Top20,2018-01-01..2018-12-31
2018,8327,Furlan,Poland,8068,AGO,112,2996,-177,0.92,1.02,Rating 2.0,Top20,2018-01-01..2018-12-31
2018,7390,ScreaM,Belgium,5991|4991,fnatic,62,1587,-11,0.99,1.02,Rating 2.0,Top20,2018-01-01..2018-12-31
2018,2131,bondik,Ukraine,5310,HellRaisers,159,4142,-34,0.99,1.02,Rating 2.0,Top20,2018-01-01..2018-12-31
2018,2730,chrisJ,Netherlands,4494,MOUZ,245,6421,-227,0.95,1.02,Rating 2.0,Top20,2018-01-01..2018-12-31
2018,3849,JW,Sweden,4991,fnatic,178,4715,-139,0.96,1.01,Rating 2.0,Top20,2018-01-01..2018-12-31
2018,7440,Skadoodle,United States,5752,Cloud9,99,2639,+6,1.00,1.01,Rating 2.0,Top20,2018-01-01..2018-12-31
2018,8522,FugLy,United States,6673,NRG,133,3510,-108,0.95,1.01,Rating 2.0,Top20,2018-01-01..2018-12-31
2018,9816,Aleksib,Finland,4869,ENCE,61,1609,-93,0.91,1.01,Rating 2.0,Top20,2018-01-01..2018-12-31
2018,8875,gade,Denmark,7533|6615,OpTic,101,2682,-86,0.95,1.01,Rating 2.0,Top20,2018-01-01..2018-12-31
2018,334,AdreN,Kazakhstan,6651,Gambit,148,3909,-221,0.92,1.00,Rating 2.0,Top20,2018-01-01..2018-12-31
2018,7805,RUSH,United States,5752,Cloud9,107,2855,-152,0.92,1.00,Rating 2.0,Top20,2018-01-01..2018-12-31
2018,10264,niko,Denmark,7175|6615|7533,OpTic,184,4816,-120,0.96,1.00,Rating 2.0,Top20,2018-01-01..2018-12-31
2018,7356,MICHU,Poland,5378,Virtus.pro,100,2588,-107,0.94,1.00,Rating 2.0,Top20,2018-01-01..2018-12-31
2018,9574,snatchie,Poland,8068,AGO,120,3195,-81,0.96,1.00,Rating 2.0,Top20,2018-01-01..2018-12-31
2018,150,MAJ3R,Türkiye,9572|5929,ex-Space Soldiers|Space Soldiers,137,3613,-100,0.96,1.00,Rating 2.0,Top20,2018-01-01..2018-12-31
2018,7964,cadiaN,Denmark,7533,North,62,1629,+10,1.01,0.99,Rating 2.0,Top20,2018-01-01..2018-12-31
2018,483,Edward,Ukraine,4608,Natus Vincere,207,5400,-248,0.93,0.99,Rating 2.0,Top20,2018-01-01..2018-12-31
2018,8605,somebody,China,4863,TYLOO,81,2208,-160,0.90,0.98,Rating 2.0,Top20,2018-01-01..2018-12-31
2018,2553,Snax,Poland,5378|4494,Virtus.pro|MOUZ,140,3605,-113,0.95,0.98,Rating 2.0,Top20,2018-01-01..2018-12-31
2018,5386,byali,Poland,5378,Virtus.pro,98,2525,-123,0.93,0.98,Rating 2.0,Top20,2018-01-01..2018-12-31
2018,7026,DD,China,4863,TYLOO,81,2208,-186,0.89,0.98,Rating 2.0,Top20,2018-01-01..2018-12-31
2018,8789,mir,Russia,6651|6094,Gambit|Vega Squadron,73,1887,-61,0.95,0.98,Rating 2.0,Top20,2018-01-01..2018-12-31
2018,9257,freddieb,Sweden,6902,GODSENT,76,2062,-125,0.91,0.97,Rating 2.0,Top20,2018-01-01..2018-12-31
2018,317,pashaBiceps,Poland,5378,Virtus.pro,103,2652,-146,0.92,0.97,Rating 2.0,Top20,2018-01-01..2018-12-31
2018,922,Snappi,Denmark,6615|7175,OpTic,163,4306,-229,0.92,0.97,Rating 2.0,Top20,2018-01-01..2018-12-31
2018,7248,xseveN,Finland,4869,ENCE,61,1609,-82,0.92,0.97,Rating 2.0,Top20,2018-01-01..2018-12-31
2018,10263,xccurate,Indonesia,4863,TYLOO,81,2208,-58,0.96,0.97,Rating 2.0,Top20,2018-01-01..2018-12-31
2018,39,GeT_RiGhT,Sweden,4411,Ninjas in Pyjamas,181,4755,-293,0.91,0.97,Rating 2.0,Top20,2018-01-01..2018-12-31
2018,339,ANGE1,Ukraine,5310,HellRaisers,183,4770,-565,0.84,0.97,Rating 2.0,Top20,2018-01-01..2018-12-31
2018,5796,tiziaN,Germany,7532,BIG,98,2605,-93,0.94,0.97,Rating 2.0,Top20,2018-01-01..2018-12-31
2018,7156,MSL,Denmark,7533,North,153,4049,-417,0.86,0.96,Rating 2.0,Top20,2018-01-01..2018-12-31
2018,3347,seized,Russia,6651,Gambit,81,2149,-230,0.85,0.95,Rating 2.0,Top20,2018-01-01..2018-12-31
2018,7148,friberg,Sweden,7175,HEROIC,99,2595,-220,0.88,0.95,Rating 2.0,Top20,2018-01-01..2018-12-31
2018,9217,TACO,Brazil,5973|6137,Liquid,186,4861,-344,0.89,0.95,Rating 2.0,Top20,2018-01-01..2018-12-31
2018,545,MODDII,Sweden,7175,HEROIC,166,4328,-319,0.89,0.95,Rating 2.0,Top20,2018-01-01..2018-12-31
2018,8082,AZR,Australia,6211,Renegades,119,3189,-243,0.89,0.95,Rating 2.0,Top20,2018-01-01..2018-12-31
2018,735,Dosia,Russia,6651,Gambit,148,3909,-320,0.88,0.95,Rating 2.0,Top20,2018-01-01..2018-12-31
2018,8568,boltz,Brazil,6137|9215,MIBR,77,2185,-208,0.86,0.94,Rating 2.0,Top20,2018-01-01..2018-12-31
2018,8374,bodyy,France,5995,G2,167,4433,-439,0.86,0.94,Rating 2.0,Top20,2018-01-01..2018-12-31
2018,11278,TOAO,Poland,8068,AGO,112,2996,-244,0.88,0.94,Rating 2.0,Top20,2018-01-01..2018-12-31
2018,6904,STYKO,Slovakia,4494,MOUZ,198,5213,-408,0.88,0.94,Rating 2.0,Top20,2018-01-01..2018-12-31
2018,7382,steel,Brazil,5973,Liquid,66,1766,-158,0.87,0.94,Rating 2.0,Top20,2018-01-01..2018-12-31
2018,9069,Nifty,United States,6211,Renegades,82,2204,-169,0.89,0.93,Rating 2.0,Top20,2018-01-01..2018-12-31
2018,7166,Ex6TenZ,Belgium,5995,G2,78,2076,-212,0.85,0.93,Rating 2.0,Top20,2018-01-01..2018-12-31
2018,11891,phr,Poland,8068,AGO,112,2996,-293,0.86,0.93,Rating 2.0,Top20,2018-01-01..2018-12-31
2018,8151,AcilioN,Denmark,7175|7701,Imperial,87,2324,-247,0.85,0.92,Rating 2.0,Top20,2018-01-01..2018-12-31
2018,484,Zeus,Ukraine,4608,Natus Vincere,207,5400,-639,0.83,0.92,Rating 2.0,Top20,2018-01-01..2018-12-31
2018,429,karrigan,Denmark,6667,FaZe,228,6045,-647,0.84,0.92,Rating 2.0,Top20,2018-01-01..2018-12-31
2018,8716,DeadFox,Hungary,5310,HellRaisers,179,4656,-533,0.83,0.91,Rating 2.0,Top20,2018-01-01..2018-12-31
2018,136,gob b,Germany,7532,BIG,98,2605,-269,0.85,0.91,Rating 2.0,Top20,2018-01-01..2018-12-31
2018,884,Xizt,Sweden,4991|6667,fnatic|FaZe,143,3774,-435,0.83,0.91,Rating 2.0,Top20,2018-01-01..2018-12-31
2018,8521,daps,Canada,6673,NRG,133,3510,-452,0.81,0.91,Rating 2.0,Top20,2018-01-01..2018-12-31
2018,1485,RUBINO,Norway,7175,HEROIC,61,1601,-187,0.84,0.90,Rating 2.0,Top20,2018-01-01..2018-12-31
2018,8771,USTILO,Australia,6211,Renegades,82,2204,-341,0.79,0.90,Rating 2.0,Top20,2018-01-01..2018-12-31
2018,9857,ngiN,Türkiye,9572|5929,ex-Space Soldiers|Space Soldiers,137,3613,-363,0.85,0.90,Rating 2.0,Top20,2018-01-01..2018-12-31
2018,11110,Golden,Sweden,4991,fnatic,107,2864,-389,0.81,0.88,Rating 2.0,Top20,2018-01-01..2018-12-31
2018,5187,captainMo,China,4863,TYLOO,64,1764,-314,0.76,0.86,Rating 2.0,Top20,2018-01-01..2018-12-31
2018,165,NEO,Poland,5378,Virtus.pro,103,2652,-430,0.77,0.86,Rating 2.0,Top20,2018-01-01..2018-12-31
2018,7170,SmithZz,France,5995,G2,78,2076,-457,0.70,0.80,Rating 2.0,Top20,2018-01-01..2018-12-31
2019,7998,s1mple,Ukraine,4608,Natus Vincere,129,3469,+841,1.41,1.29,Rating 2.0,Top20,2019-01-01..2019-12-31
2019,11893,ZywOo,France,9565,Vitality,188,4988,+1008,1.33,1.28,Rating 2.0,Top20,2019-01-01..2019-12-31
2019,7592,device,Denmark,6665,Astralis,135,3597,+555,1.25,1.21,Rating 2.0,Top20,2019-01-01..2019-12-31
2019,8918,electroNic,Russia,4608,Natus Vincere,129,3469,+402,1.18,1.20,Rating 2.0,Top20,2019-01-01..2019-12-31
2019,8738,EliGE,United States,5973,Liquid,166,4454,+519,1.18,1.19,Rating 2.0,Top20,2019-01-01..2019-12-31
2019,13776,Jame,Russia,8120,AVANGAR,150,4110,+670,1.29,1.19,Rating 2.0,Top20,2019-01-01..2019-12-31
2019,11816,ropz,Estonia,4494,MOUZ,153,4107,+629,1.26,1.17,Rating 2.0,Top20,2019-01-01..2019-12-31
2019,3972,huNter-,Bosnia and Herzegovina,5995|8481|10150,G2|Valiance|CR4ZY,167,4501,+379,1.13,1.17,Rating 2.0,Top20,2019-01-01..2019-12-31
2019,3741,NiKo,Bosnia and Herzegovina,6667,FaZe,136,3593,+345,1.14,1.16,Rating 2.0,Top20,2019-01-01..2019-12-31
2019,8520,NAF,Canada,5973,Liquid,166,4454,+371,1.13,1.15,Rating 2.0,Top20,2019-01-01..2019-12-31
2019,9032,Magisk,Denmark,6665,Astralis,135,3597,+349,1.16,1.15,Rating 2.0,Top20,2019-01-01..2019-12-31
2019,15631,KSCERATO,Brazil,8297,FURIA,94,2555,+346,1.23,1.15,Rating 2.0,Top20,2019-01-01..2019-12-31
2019,8574,woxic,Türkiye,4494,MOUZ,156,4171,+476,1.19,1.14,Rating 2.0,Top20,2019-01-01..2019-12-31
2019,9618,nexa,Serbia,5995|8481|10150,G2|Valiance|CR4ZY,167,4501,+422,1.15,1.14,Rating 2.0,Top20,2019-01-01..2019-12-31
2019,9136,Brehze,United States,10399|6673,Evil Geniuses,160,4333,+371,1.13,1.13,Rating 2.0,Top20,2019-01-01..2019-12-31
2019,9216,coldzera,Brazil,6667|9215,FaZe|MIBR,106,2696,+287,1.17,1.13,Rating 2.0,Top20,2019-01-01..2019-12-31
2019,9960,frozen,Slovakia,4494,MOUZ,150,4019,+349,1.14,1.13,Rating 2.0,Top20,2019-01-01..2019-12-31
2019,7167,kennyS,France,5995,G2,176,4802,+438,1.14,1.12,Rating 2.0,Top20,2019-01-01..2019-12-31
2019,12733,xsepower,Russia,8135,FORZE,65,1717,+185,1.18,1.12,Rating 2.0,Top20,2019-01-01..2019-12-31
2019,10394,Twistzz,Canada,5973,Liquid,166,4454,+447,1.17,1.12,Rating 2.0,Top20,2019-01-01..2019-12-31
2019,4679,jks,Australia,8474|6211,Renegades,115,3012,+233,1.12,1.12,Rating 2.0,Top20,2019-01-01..2019-12-31
2019,10330,acoR,Denmark,4602,Tricked,53,1473,+154,1.17,1.11,Rating 2.0,Top20,2019-01-01..2019-12-31
2019,15165,blameF,Denmark,7175,HEROIC,70,1887,+103,1.08,1.11,Rating 2.0,Top20,2019-01-01..2019-12-31
2019,11916,sergej,Finland,4869,ENCE,127,3400,+152,1.07,1.10,Rating 2.0,Top20,2019-01-01..2019-12-31
2019,9612,Bubzkji,Denmark,4602,Tricked,53,1473,+62,1.06,1.10,Rating 2.0,Top20,2019-01-01..2019-12-31
2019,11219,CeRq,Bulgaria,10399|6673,Evil Geniuses,164,4430,+344,1.12,1.09,Rating 2.0,Top20,2019-01-01..2019-12-31
2019,7398,dupreeh,Denmark,6665,Astralis,135,3597,+257,1.11,1.09,Rating 2.0,Top20,2019-01-01..2019-12-31
2019,10671,Ethan,United States,10399|6673,Evil Geniuses,164,4430,+54,1.02,1.09,Rating 2.0,Top20,2019-01-01..2019-12-31
2019,5794,tabseN,Germany,7532,BIG,52,1356,+38,1.04,1.09,Rating 2.0,Top20,2019-01-01..2019-12-31
2019,4954,Xyp9x,Denmark,6665,Astralis,135,3597,+236,1.11,1.09,Rating 2.0,Top20,2019-01-01..2019-12-31
2019,13239,Qikert,Kazakhstan,8120,AVANGAR,150,4110,+130,1.05,1.09,Rating 2.0,Top20,2019-01-01..2019-12-31
2019,8564,fer,Brazil,9215,MIBR,124,3249,+86,1.04,1.09,Rating 2.0,Top20,2019-01-01..2019-12-31
2019,12553,yuurih,Brazil,8297,FURIA,94,2555,+84,1.05,1.09,Rating 2.0,Top20,2019-01-01..2019-12-31
2019,7528,KRIMZ,Sweden,4991,fnatic,156,4241,+182,1.07,1.08,Rating 2.0,Top20,2019-01-01..2019-12-31
2019,10994,stavn,Denmark,7175,HEROIC,112,3059,+92,1.04,1.08,Rating 2.0,Top20,2019-01-01..2019-12-31
2019,13666,Brollan,Sweden,4991,fnatic,162,4385,+126,1.04,1.08,Rating 2.0,Top20,2019-01-01..2019-12-31
2019,14148,sjuush,Denmark,4602,Tricked,53,1473,+63,1.07,1.08,Rating 2.0,Top20,2019-01-01..2019-12-31
2019,9031,valde,Denmark,7533,North,95,2551,+112,1.07,1.08,Rating 2.0,Top20,2019-01-01..2019-12-31
2019,8248,jkaem,Norway,8474|6211,Renegades,115,3012,-64,0.97,1.07,Rating 2.0,Top20,2019-01-01..2019-12-31
2019,695,allu,Finland,4869,ENCE,127,3400,+210,1.10,1.07,Rating 2.0,Top20,2019-01-01..2019-12-31
2019,11283,ottoNd,Finland,10150|8481,CR4ZY|Valiance,142,3787,+190,1.08,1.07,Rating 2.0,Top20,2019-01-01..2019-12-31
2019,3055,flusha,Sweden,4991|5752,fnatic|Cloud9,95,2552,+46,1.03,1.06,Rating 2.0,Top20,2019-01-01..2019-12-31
2019,8183,rain,Norway,6667,FaZe,141,3734,-33,0.99,1.06,Rating 2.0,Top20,2019-01-01..2019-12-31
2019,8095,aizy,Denmark,7533,North,128,3420,+45,1.02,1.06,Rating 2.0,Top20,2019-01-01..2019-12-31
2019,11840,Boombl4,Russia,4608|9183,Natus Vincere|Winstrike,93,2497,-23,0.99,1.05,Rating 2.0,Top20,2019-01-01..2019-12-31
2019,11942,buster,Kazakhstan,8120,AVANGAR,150,4110,+131,1.05,1.05,Rating 2.0,Top20,2019-01-01..2019-12-31
2019,8394,Kjaerbye,Denmark,7533,North,128,3420,+47,1.02,1.05,Rating 2.0,Top20,2019-01-01..2019-12-31
2019,7594,flamie,Russia,4608,Natus Vincere,129,3469,+64,1.03,1.05,Rating 2.0,Top20,2019-01-01..2019-12-31
2019,14218,Plopski,Sweden,4411|6685,Ninjas in Pyjamas|Ancient,75,2026,-5,1.00,1.05,Rating 2.0,Top20,2019-01-01..2019-12-31
2019,3849,JW,Sweden,4991,fnatic,162,4385,+3,1.00,1.04,Rating 2.0,Top20,2019-01-01..2019-12-31
2019,7412,gla1ve,Denmark,6665,Astralis,135,3597,-18,0.99,1.04,Rating 2.0,Top20,2019-01-01..2019-12-31
2019,29,f0rest,Sweden,4411,Ninjas in Pyjamas,130,3429,+105,1.05,1.04,Rating 2.0,Top20,2019-01-01..2019-12-31
2019,1225,shox,France,9565|5995,Vitality|G2,164,4378,+112,1.04,1.04,Rating 2.0,Top20,2019-01-01..2019-12-31
2019,11343,SHiPZ,Bulgaria,10150|8513,CR4ZY|Windigo,75,1999,-3,1.00,1.04,Rating 2.0,Top20,2019-01-01..2019-12-31
2019,8611,es3tag,Denmark,7175,HEROIC,121,3292,-30,0.99,1.04,Rating 2.0,Top20,2019-01-01..2019-12-31
2019,9078,k0nfig,Denmark,6615,OpTic,66,1718,-71,0.94,1.03,Rating 2.0,Top20,2019-01-01..2019-12-31
2019,2730,chrisJ,Netherlands,4494,MOUZ,155,4158,+33,1.01,1.03,Rating 2.0,Top20,2019-01-01..2019-12-31
2019,8797,Stewie2K,United States,5973,Liquid,166,4454,-105,0.96,1.03,Rating 2.0,Top20,2019-01-01..2019-12-31
2019,9616,amanek,France,5995,G2,153,4202,+6,1.00,1.03,Rating 2.0,Top20,2019-01-01..2019-12-31
2019,2023,FalleN,Brazil,9215,MIBR,124,3249,+41,1.02,1.03,Rating 2.0,Top20,2019-01-01..2019-12-31
2019,9896,b0RUP,Denmark,7175|4602,Tricked,71,1994,-28,0.98,1.02,Rating 2.0,Top20,2019-01-01..2019-12-31
2019,7168,NBK-,France,9565,Vitality,139,3739,-170,0.94,1.02,Rating 2.0,Top20,2019-01-01..2019-12-31
2019,8566,LUCAS1,Brazil,9215,MIBR,63,1694,-104,0.91,1.02,Rating 2.0,Top20,2019-01-01..2019-12-31
2019,483,Edward,Ukraine,4608,Natus Vincere,62,1670,0,1.00,1.02,Rating 2.0,Top20,2019-01-01..2019-12-31
2019,11654,almazer,Russia,8135,FORZE,65,1717,-58,0.95,1.01,Rating 2.0,Top20,2019-01-01..2019-12-31
2019,7322,apEX,France,9565,Vitality,188,4988,-173,0.95,1.01,Rating 2.0,Top20,2019-01-01..2019-12-31
2019,12732,FL1T,Russia,8135,FORZE,65,1717,-51,0.96,1.01,Rating 2.0,Top20,2019-01-01..2019-12-31
2019,12030,EspiranTo,Lithuania,10150|8481,CR4ZY|Valiance,141,3763,-103,0.96,1.01,Rating 2.0,Top20,2019-01-01..2019-12-31
2019,284,JACKZ,France,5995,G2,176,4802,-175,0.95,1.01,Rating 2.0,Top20,2019-01-01..2019-12-31
2019,7687,nitr0,United States,5973,Liquid,166,4454,-32,0.99,1.01,Rating 2.0,Top20,2019-01-01..2019-12-31
2019,10588,Liazz,Australia,8474|6211,Renegades,115,3012,-109,0.94,1.01,Rating 2.0,Top20,2019-01-01..2019-12-31
2019,2757,GuardiaN,Slovakia,4608|6667,Natus Vincere|FaZe,130,3469,+24,1.01,1.01,Rating 2.0,Top20,2019-01-01..2019-12-31
2019,885,olofmeister,Sweden,6667,FaZe,141,3734,+37,1.02,1.01,Rating 2.0,Top20,2019-01-01..2019-12-31
2019,9278,REZ,Sweden,4411,Ninjas in Pyjamas,130,3429,-159,0.93,1.00,Rating 2.0,Top20,2019-01-01..2019-12-31
2019,12521,arT,Brazil,8297,FURIA,94,2555,-142,0.92,1.00,Rating 2.0,Top20,2019-01-01..2019-12-31
2019,7443,twist,Sweden,4411|4991,Ninjas in Pyjamas|fnatic,137,3643,-64,0.97,1.00,Rating 2.0,Top20,2019-01-01..2019-12-31
2019,7964,cadiaN,Denmark,7175|7533,HEROIC,89,2395,+13,1.01,1.00,Rating 2.0,Top20,2019-01-01..2019-12-31
2019,18053,broky,Latvia,6667,FaZe,50,1267,-34,0.96,1.00,Rating 2.0,Top20,2019-01-01..2019-12-31
2019,9816,Aleksib,Finland,4869,ENCE,94,2491,-115,0.93,1.00,Rating 2.0,Top20,2019-01-01..2019-12-31
2019,8726,facecrack,Russia,8135,FORZE,65,1717,-105,0.92,1.00,Rating 2.0,Top20,2019-01-01..2019-12-31
2019,9219,felps,Brazil,9215,MIBR,55,1402,-73,0.93,1.00,Rating 2.0,Top20,2019-01-01..2019-12-31
2019,8783,JUGi,Denmark,7533|6615,OpTic,105,2817,-5,1.00,1.00,Rating 2.0,Top20,2019-01-01..2019-12-31
2019,8523,tarik,United States,10399|6673,Evil Geniuses,159,4287,-236,0.92,0.99,Rating 2.0,Top20,2019-01-01..2019-12-31
2019,4076,Aerial,Finland,4869,ENCE,127,3400,-213,0.91,0.99,Rating 2.0,Top20,2019-01-01..2019-12-31
2019,7148,friberg,Sweden,7175,HEROIC,64,1700,-58,0.95,0.98,Rating 2.0,Top20,2019-01-01..2019-12-31
2019,10264,niko,Denmark,6615|4602,OpTic|Tricked,58,1518,-97,0.91,0.98,Rating 2.0,Top20,2019-01-01..2019-12-31
2019,8184,ALEX,United Kingdom,9565,Vitality,188,4988,-203,0.94,0.97,Rating 2.0,Top20,2019-01-01..2019-12-31
2019,13157,Jerry,Russia,8135,FORZE,65,1717,-128,0.89,0.97,Rating 2.0,Top20,2019-01-01..2019-12-31
2019,9261,Lekr0,Sweden,4411,Ninjas in Pyjamas,130,3429,-206,0.91,0.97,Rating 2.0,Top20,2019-01-01..2019-12-31
2019,922,Snappi,Denmark,7175|6615,OpTic,90,2458,-132,0.92,0.97,Rating 2.0,Top20,2019-01-01..2019-12-31
2019,13497,Lucky,France,5995,G2,128,3494,-182,0.92,0.96,Rating 2.0,Top20,2019-01-01..2019-12-31
2019,8875,gade,Denmark,7533,North,128,3420,-228,0.90,0.96,Rating 2.0,Top20,2019-01-01..2019-12-31
2019,9686,Gratisfaction,New Zealand,8474|6211,Renegades,100,2607,-135,0.92,0.96,Rating 2.0,Top20,2019-01-01..2019-12-31
2019,12822,VINI,Brazil,8297,FURIA,94,2555,-210,0.88,0.96,Rating 2.0,Top20,2019-01-01..2019-12-31
2019,7248,xseveN,Finland,4869,ENCE,127,3400,-264,0.88,0.96,Rating 2.0,Top20,2019-01-01..2019-12-31
2019,7169,RpK,France,9565,Vitality,188,4988,-272,0.92,0.95,Rating 2.0,Top20,2019-01-01..2019-12-31
2019,5736,kNgV-,Brazil,9215,MIBR,50,1365,-61,0.94,0.94,Rating 2.0,Top20,2019-01-01..2019-12-31
2019,11891,phr,Poland,5378|8068,Virtus.pro|AGO,52,1357,-115,0.88,0.94,Rating 2.0,Top20,2019-01-01..2019-12-31
2019,16770,ableJ,Brazil,8297,FURIA,54,1432,-91,0.90,0.94,Rating 2.0,Top20,2019-01-01..2019-12-31
2019,8507,stanislaw,Canada,10399|6673,Evil Geniuses,100,2663,-255,0.86,0.94,Rating 2.0,Top20,2019-01-01..2019-12-31
2019,429,karrigan,Denmark,4494,MOUZ,148,3972,-472,0.83,0.94,Rating 2.0,Top20,2019-01-01..2019-12-31
2019,8082,AZR,Australia,8474|6211,Renegades,115,3012,-235,0.89,0.93,Rating 2.0,Top20,2019-01-01..2019-12-31
2019,11716,SANJI,Uzbekistan,8120,AVANGAR,125,3428,-331,0.86,0.93,Rating 2.0,Top20,2019-01-01..2019-12-31
2019,10052,fitch,Kazakhstan,8120,AVANGAR,66,1773,-148,0.88,0.93,Rating 2.0,Top20,2019-01-01..2019-12-31
2019,4216,LETN1,Serbia,10150|8481,CR4ZY|Valiance,144,3838,-284,0.88,0.93,Rating 2.0,Top20,2019-01-01..2019-12-31
2019,9217,TACO,Brazil,9215,MIBR,124,3249,-255,0.88,0.93,Rating 2.0,Top20,2019-01-01..2019-12-31
2019,484,Zeus,Ukraine,4608,Natus Vincere,90,2467,-264,0.84,0.92,Rating 2.0,Top20,2019-01-01..2019-12-31
2019,2469,cajunb,Denmark,7533|6615|5752,OpTic|Cloud9,69,1782,-157,0.87,0.91,Rating 2.0,Top20,2019-01-01..2019-12-31
2019,334,AdreN,Kazakhstan,8120|6667,AVANGAR|FaZe,121,3318,-366,0.83,0.91,Rating 2.0,Top20,2019-01-01..2019-12-31
2019,9294,NaToSaphiX,Denmark,7175|4494,MOUZ,52,1354,-119,0.87,0.90,Rating 2.0,Top20,2019-01-01..2019-12-31
2019,7156,MSL,Denmark,6615,OpTic,51,1331,-184,0.82,0.90,Rating 2.0,Top20,2019-01-01..2019-12-31
2019,11110,Golden,Sweden,4991,fnatic,83,2234,-256,0.83,0.90,Rating 2.0,Top20,2019-01-01..2019-12-31
2019,884,Xizt,Sweden,4991,fnatic,90,2421,-259,0.84,0.89,Rating 2.0,Top20,2019-01-01..2019-12-31
2019,39,GeT_RiGhT,Sweden,4411,Ninjas in Pyjamas,85,2258,-323,0.80,0.87,Rating 2.0,Top20,2019-01-01..2019-12-31
2019,8521,daps,Canada,6673|5752,Cloud9,73,2015,-274,0.80,0.87,Rating 2.0,Top20,2019-01-01..2019-12-31
2019,5796,tiziaN,Germany,7532,BIG,52,1356,-192,0.80,0.86,Rating 2.0,Top20,2019-01-01..2019-12-31
2019,136,gob b,Germany,7532,BIG,52,1356,-200,0.78,0.85,Rating 2.0,Top20,2019-01-01..2019-12-31
2020,11893,ZywOo,France,9565,Vitality,186,5010,+953,1.31,1.28,Rating 2.0,Top20,2020-01-01..2020-12-31
2020,7998,s1mple,Ukraine,4608,Natus Vincere,168,4444,+1083,1.40,1.28,Rating 2.0,Top20,2020-01-01..2020-12-31
2020,7592,device,Denmark,6665,Astralis,179,4733,+727,1.25,1.20,Rating 2.0,Top20,2020-01-01..2020-12-31
2020,3741,NiKo,Bosnia and Herzegovina,5995|6667,G2|FaZe,166,4533,+436,1.14,1.18,Rating 2.0,Top20,2020-01-01..2020-12-31
2020,15165,blameF,Denmark,5005,Complexity,134,3605,+434,1.20,1.17,Rating 2.0,Top20,2020-01-01..2020-12-31
2020,8738,EliGE,United States,5973,Liquid,132,3588,+275,1.11,1.16,Rating 2.0,Top20,2020-01-01..2020-12-31
2020,11816,ropz,Estonia,4494,MOUZ,138,3629,+484,1.21,1.16,Rating 2.0,Top20,2020-01-01..2020-12-31
2020,8789,mir,Russia,7020,Spirit,90,2393,+192,1.12,1.16,Rating 2.0,Top20,2020-01-01..2020-12-31
2020,12553,yuurih,Brazil,8297,FURIA,132,3489,+366,1.17,1.14,Rating 2.0,Top20,2020-01-01..2020-12-31
2020,8918,electroNic,Russia,4608,Natus Vincere,168,4444,+319,1.11,1.14,Rating 2.0,Top20,2020-01-01..2020-12-31
2020,15631,KSCERATO,Brazil,8297,FURIA,132,3489,+378,1.18,1.14,Rating 2.0,Top20,2020-01-01..2020-12-31
2020,8565,HEN1,Brazil,8297,FURIA,132,3489,+403,1.20,1.13,Rating 2.0,Top20,2020-01-01..2020-12-31
2020,7266,syrsoN,Germany,7532,BIG,165,4533,+387,1.14,1.12,Rating 2.0,Top20,2020-01-01..2020-12-31
2020,4679,jks,Australia,5005|8474,Complexity,119,3111,+177,1.09,1.11,Rating 2.0,Top20,2020-01-01..2020-12-31
2020,10330,acoR,Denmark,8362,MAD Lions,66,1784,+175,1.16,1.11,Rating 2.0,Top20,2020-01-01..2020-12-31
2020,9136,Brehze,United States,10399,Evil Geniuses,117,3181,+245,1.12,1.10,Rating 2.0,Top20,2020-01-01..2020-12-31
2020,9078,k0nfig,Denmark,5005,Complexity,134,3605,+164,1.07,1.10,Rating 2.0,Top20,2020-01-01..2020-12-31
2020,10981,mantuu,Poland,10503,OG,156,4233,+425,1.17,1.10,Rating 2.0,Top20,2020-01-01..2020-12-31
2020,8520,NAF,Canada,5973,Liquid,132,3588,+211,1.09,1.09,Rating 2.0,Top20,2020-01-01..2020-12-31
2020,7398,dupreeh,Denmark,6665,Astralis,179,4733,+270,1.09,1.09,Rating 2.0,Top20,2020-01-01..2020-12-31
2020,10994,stavn,Denmark,7175,HEROIC,143,3901,+100,1.04,1.09,Rating 2.0,Top20,2020-01-01..2020-12-31
2020,9031,valde,Denmark,10503,OG,156,4233,+221,1.08,1.09,Rating 2.0,Top20,2020-01-01..2020-12-31
2020,11219,CeRq,Bulgaria,10399,Evil Geniuses,117,3181,+159,1.08,1.09,Rating 2.0,Top20,2020-01-01..2020-12-31
2020,9032,Magisk,Denmark,6665,Astralis,179,4733,+191,1.06,1.09,Rating 2.0,Top20,2020-01-01..2020-12-31
2020,7938,XANTARES,Türkiye,7532,BIG,165,4533,+227,1.08,1.09,Rating 2.0,Top20,2020-01-01..2020-12-31
2020,13666,Brollan,Sweden,4991,fnatic,147,3991,+179,1.07,1.09,Rating 2.0,Top20,2020-01-01..2020-12-31
2020,13776,Jame,Russia,5378,Virtus.pro,66,1776,+152,1.14,1.08,Rating 2.0,Top20,2020-01-01..2020-12-31
2020,9612,Bubzkji,Denmark,8362|6665,MAD Lions|Astralis,79,2139,+37,1.03,1.08,Rating 2.0,Top20,2020-01-01..2020-12-31
2020,3972,huNter-,Bosnia and Herzegovina,5995,G2,153,4091,+127,1.05,1.08,Rating 2.0,Top20,2020-01-01..2020-12-31
2020,695,allu,Finland,4869,ENCE,96,2572,+193,1.12,1.08,Rating 2.0,Top20,2020-01-01..2020-12-31
2020,10671,Ethan,United States,10399,Evil Geniuses,117,3181,+3,1.00,1.08,Rating 2.0,Top20,2020-01-01..2020-12-31
2020,8611,es3tag,Denmark,6665|7175,Astralis,71,1872,+56,1.05,1.08,Rating 2.0,Top20,2020-01-01..2020-12-31
2020,4954,Xyp9x,Denmark,6665,Astralis,109,2870,+134,1.08,1.07,Rating 2.0,Top20,2020-01-01..2020-12-31
2020,9278,REZ,Sweden,4411,Ninjas in Pyjamas,149,4023,+9,1.00,1.07,Rating 2.0,Top20,2020-01-01..2020-12-31
2020,2023,FalleN,Brazil,9215,MIBR,73,1953,+69,1.05,1.07,Rating 2.0,Top20,2020-01-01..2020-12-31
2020,13670,nawwk,Sweden,4411,Ninjas in Pyjamas,145,3906,+272,1.11,1.07,Rating 2.0,Top20,2020-01-01..2020-12-31
2020,7528,KRIMZ,Sweden,4991,fnatic,147,3991,+155,1.06,1.07,Rating 2.0,Top20,2020-01-01..2020-12-31
2020,9960,frozen,Slovakia,4494,MOUZ,138,3629,+130,1.05,1.07,Rating 2.0,Top20,2020-01-01..2020-12-31
2020,18053,broky,Latvia,6667,FaZe,152,4181,+285,1.11,1.07,Rating 2.0,Top20,2020-01-01..2020-12-31
2020,1378,zehN,Finland,6902,GODSENT,113,3018,+74,1.04,1.06,Rating 2.0,Top20,2020-01-01..2020-12-31
2020,5794,tabseN,Germany,7532,BIG,165,4533,-43,0.99,1.06,Rating 2.0,Top20,2020-01-01..2020-12-31
2020,14614,oBo,United States,5005,Complexity,92,2509,+56,1.03,1.06,Rating 2.0,Top20,2020-01-01..2020-12-31
2020,10264,niko,Denmark,7175,HEROIC,125,3425,+84,1.04,1.06,Rating 2.0,Top20,2020-01-01..2020-12-31
2020,10394,Twistzz,Canada,5973,Liquid,132,3588,+127,1.06,1.06,Rating 2.0,Top20,2020-01-01..2020-12-31
2020,7964,cadiaN,Denmark,7175,HEROIC,143,3901,+161,1.07,1.06,Rating 2.0,Top20,2020-01-01..2020-12-31
2020,12018,TeSeS,Denmark,7175,HEROIC,125,3425,+7,1.00,1.06,Rating 2.0,Top20,2020-01-01..2020-12-31
2020,14273,iDISBALANCE,Russia,7020,Spirit,91,2429,+103,1.07,1.06,Rating 2.0,Top20,2020-01-01..2020-12-31
2020,13239,Qikert,Kazakhstan,5378,Virtus.pro,66,1776,+20,1.02,1.05,Rating 2.0,Top20,2020-01-01..2020-12-31
2020,8248,jkaem,Norway,8474,100 Thieves,90,2372,-67,0.96,1.05,Rating 2.0,Top20,2020-01-01..2020-12-31
2020,13300,Farlig,Denmark,6902,GODSENT,70,1889,+103,1.08,1.05,Rating 2.0,Top20,2020-01-01..2020-12-31
2020,9618,nexa,Serbia,5995,G2,153,4091,+72,1.03,1.05,Rating 2.0,Top20,2020-01-01..2020-12-31
2020,14218,Plopski,Sweden,4411,Ninjas in Pyjamas,149,4023,-16,0.99,1.05,Rating 2.0,Top20,2020-01-01..2020-12-31
2020,14148,sjuush,Denmark,8362,MAD Lions,66,1784,+25,1.02,1.05,Rating 2.0,Top20,2020-01-01..2020-12-31
2020,11777,Maden,Montenegro,6902,GODSENT,113,3018,-1,1.00,1.05,Rating 2.0,Top20,2020-01-01..2020-12-31
2020,7167,kennyS,France,5995,G2,153,4091,+144,1.06,1.05,Rating 2.0,Top20,2020-01-01..2020-12-31
2020,8574,woxic,Türkiye,4494,MOUZ,75,1959,+62,1.05,1.04,Rating 2.0,Top20,2020-01-01..2020-12-31
2020,9216,coldzera,Brazil,6667,FaZe,152,4181,+157,1.06,1.04,Rating 2.0,Top20,2020-01-01..2020-12-31
2020,1225,shox,France,9565,Vitality,177,4797,+159,1.05,1.04,Rating 2.0,Top20,2020-01-01..2020-12-31
2020,12126,poizon,Bulgaria,5005,Complexity,130,3511,+46,1.02,1.04,Rating 2.0,Top20,2020-01-01..2020-12-31
2020,8735,autimatic,United States,10514,Gen.G,71,1952,+30,1.02,1.04,Rating 2.0,Top20,2020-01-01..2020-12-31
2020,9686,Gratisfaction,New Zealand,8474,100 Thieves,90,2372,+5,1.00,1.04,Rating 2.0,Top20,2020-01-01..2020-12-31
2020,12521,arT,Brazil,8297,FURIA,132,3489,-300,0.88,1.03,Rating 2.0,Top20,2020-01-01..2020-12-31
2020,6904,STYKO,Slovakia,6902,GODSENT,113,3018,-16,0.99,1.03,Rating 2.0,Top20,2020-01-01..2020-12-31
2020,8564,fer,Brazil,9215,MIBR,73,1953,-39,0.97,1.03,Rating 2.0,Top20,2020-01-01..2020-12-31
2020,9056,koosta,United States,10514,Gen.G,71,1952,-70,0.95,1.03,Rating 2.0,Top20,2020-01-01..2020-12-31
2020,14419,roeJ,Denmark,8362,MAD Lions,66,1784,-51,0.96,1.02,Rating 2.0,Top20,2020-01-01..2020-12-31
2020,5736,kNgV-,Brazil,9215,MIBR,73,1953,-29,0.98,1.02,Rating 2.0,Top20,2020-01-01..2020-12-31
2020,7412,gla1ve,Denmark,6665,Astralis,163,4300,-182,0.94,1.02,Rating 2.0,Top20,2020-01-01..2020-12-31
2020,10449,ISSAA,Jordan,10503,OG,156,4233,+3,1.00,1.02,Rating 2.0,Top20,2020-01-01..2020-12-31
2020,8183,rain,Norway,6667,FaZe,152,4181,-246,0.92,1.01,Rating 2.0,Top20,2020-01-01..2020-12-31
2020,11942,buster,Kazakhstan,5378,Virtus.pro,66,1776,-29,0.98,1.01,Rating 2.0,Top20,2020-01-01..2020-12-31
2020,12731,sdy,Ukraine,7020,Spirit,90,2400,-56,0.96,1.01,Rating 2.0,Top20,2020-01-01..2020-12-31
2020,7131,BnTeT,Indonesia,10514,Gen.G,71,1952,-66,0.95,1.01,Rating 2.0,Top20,2020-01-01..2020-12-31
2020,8523,tarik,United States,10399,Evil Geniuses,117,3181,-135,0.94,1.01,Rating 2.0,Top20,2020-01-01..2020-12-31
2020,3055,flusha,Sweden,4991,fnatic,147,3991,-171,0.94,1.01,Rating 2.0,Top20,2020-01-01..2020-12-31
2020,7169,RpK,France,9565,Vitality,186,5010,-109,0.97,1.00,Rating 2.0,Top20,2020-01-01..2020-12-31
2020,7322,apEX,France,9565,Vitality,186,5010,-292,0.92,1.00,Rating 2.0,Top20,2020-01-01..2020-12-31
2020,18317,magixx,Russia,7020,Spirit,91,2429,-53,0.97,1.00,Rating 2.0,Top20,2020-01-01..2020-12-31
2020,3849,JW,Sweden,4991,fnatic,147,3991,-132,0.95,0.99,Rating 2.0,Top20,2020-01-01..2020-12-31
2020,9766,hampus,Sweden,4411,Ninjas in Pyjamas,101,2725,-185,0.91,0.99,Rating 2.0,Top20,2020-01-01..2020-12-31
2020,12822,VINI,Brazil,8297,FURIA,132,3489,-144,0.94,0.99,Rating 2.0,Top20,2020-01-01..2020-12-31
2020,7168,NBK-,France,10503,OG,156,4233,-306,0.90,0.99,Rating 2.0,Top20,2020-01-01..2020-12-31
2020,9816,Aleksib,Finland,10503,OG,156,4233,-349,0.88,0.99,Rating 2.0,Top20,2020-01-01..2020-12-31
2020,10588,Liazz,Australia,8474,100 Thieves,90,2372,-146,0.91,0.98,Rating 2.0,Top20,2020-01-01..2020-12-31
2020,5796,tiziaN,Germany,7532,BIG,165,4533,-207,0.93,0.98,Rating 2.0,Top20,2020-01-01..2020-12-31
2020,7716,chopper,Russia,7020,Spirit,91,2429,-172,0.90,0.98,Rating 2.0,Top20,2020-01-01..2020-12-31
2020,14176,misutaaa,France,9565,Vitality,160,4307,-220,0.92,0.98,Rating 2.0,Top20,2020-01-01..2020-12-31
2020,11840,Boombl4,Russia,4608,Natus Vincere,168,4444,-337,0.89,0.98,Rating 2.0,Top20,2020-01-01..2020-12-31
2020,284,JACKZ,France,5995,G2,133,3524,-221,0.91,0.98,Rating 2.0,Top20,2020-01-01..2020-12-31
2020,19015,Bymas,Lithuania,4494|6667,MOUZ|FaZe,95,2567,-120,0.93,0.98,Rating 2.0,Top20,2020-01-01..2020-12-31
2020,7443,twist,Sweden,4411,Ninjas in Pyjamas,149,4023,-186,0.93,0.98,Rating 2.0,Top20,2020-01-01..2020-12-31
2020,16947,Perfecto,Russia,4608,Natus Vincere,168,4444,-148,0.95,0.98,Rating 2.0,Top20,2020-01-01..2020-12-31
2020,14365,s0m,United States,10514,Gen.G,71,1952,-139,0.90,0.98,Rating 2.0,Top20,2020-01-01..2020-12-31
2020,8797,Stewie2K,United States,5973,Liquid,132,3588,-359,0.86,0.97,Rating 2.0,Top20,2020-01-01..2020-12-31
2020,9616,amanek,France,5995,G2,142,3808,-258,0.90,0.97,Rating 2.0,Top20,2020-01-01..2020-12-31
2020,8082,AZR,Australia,8474,100 Thieves,90,2372,-130,0.92,0.97,Rating 2.0,Top20,2020-01-01..2020-12-31
2020,8394,Kjaerbye,Denmark,6667,FaZe,67,1851,-107,0.91,0.96,Rating 2.0,Top20,2020-01-01..2020-12-31
2020,7594,flamie,Russia,4608,Natus Vincere,163,4307,-235,0.92,0.96,Rating 2.0,Top20,2020-01-01..2020-12-31
2020,8507,stanislaw,Canada,10399,Evil Geniuses,117,3181,-257,0.88,0.96,Rating 2.0,Top20,2020-01-01..2020-12-31
2020,11916,sergej,Finland,4869,ENCE,96,2572,-171,0.90,0.95,Rating 2.0,Top20,2020-01-01..2020-12-31
2020,12781,k1to,Germany,7532,BIG,165,4533,-357,0.89,0.95,Rating 2.0,Top20,2020-01-01..2020-12-31
2020,5479,suNny,Finland,4869,ENCE,96,2572,-203,0.89,0.95,Rating 2.0,Top20,2020-01-01..2020-12-31
2020,7805,RUSH,United States,5005,Complexity,134,3605,-318,0.87,0.95,Rating 2.0,Top20,2020-01-01..2020-12-31
2020,4076,Aerial,Finland,4869,ENCE,92,2459,-286,0.84,0.94,Rating 2.0,Top20,2020-01-01..2020-12-31
2020,9896,b0RUP,Denmark,7175,HEROIC,143,3901,-348,0.87,0.93,Rating 2.0,Top20,2020-01-01..2020-12-31
2020,7687,nitr0,United States,5973,Liquid,75,2040,-177,0.87,0.93,Rating 2.0,Top20,2020-01-01..2020-12-31
2020,11716,SANJI,Uzbekistan,5378,Virtus.pro,66,1776,-216,0.82,0.91,Rating 2.0,Top20,2020-01-01..2020-12-31
2020,11110,Golden,Sweden,4991,fnatic,147,3991,-467,0.83,0.91,Rating 2.0,Top20,2020-01-01..2020-12-31
2020,9217,TACO,Brazil,9215,MIBR,73,1953,-242,0.82,0.90,Rating 2.0,Top20,2020-01-01..2020-12-31
2020,2730,chrisJ,Netherlands,4494,MOUZ,138,3629,-443,0.82,0.89,Rating 2.0,Top20,2020-01-01..2020-12-31
2020,885,olofmeister,Sweden,6667,FaZe,76,2086,-221,0.84,0.89,Rating 2.0,Top20,2020-01-01..2020-12-31
2020,429,karrigan,Denmark,4494,MOUZ,138,3629,-617,0.77,0.88,Rating 2.0,Top20,2020-01-01..2020-12-31
2020,8521,daps,Canada,10514,Gen.G,65,1789,-251,0.79,0.86,Rating 2.0,Top20,2020-01-01..2020-12-31
2020,7218,kRYSTAL,Germany,6902,GODSENT,99,2653,-652,0.66,0.79,Rating 2.0,Top20,2020-01-01..2020-12-31
2021,7998,s1mple,Ukraine,4608,Natus Vincere,176,4681,+1255,1.45,1.34,Rating 2.0,Top20,2021-01-01..2021-12-31
2021,11893,ZywOo,France,9565,Vitality,150,4001,+888,1.37,1.29,Rating 2.0,Top20,2021-01-01..2021-12-31
2021,16920,sh1ro,Russia,6651,Gambit,197,5276,+1148,1.42,1.22,Rating 2.0,Top20,2021-01-01..2021-12-31
2021,14419,roeJ,Denmark,7461,Copenhagen Flames,42,1162,+118,1.15,1.20,Rating 2.0,Top20,2021-01-01..2021-12-31
2021,3741,NiKo,Bosnia and Herzegovina,5995,G2,174,4751,+510,1.16,1.19,Rating 2.0,Top20,2021-01-01..2021-12-31
2021,8528,HObbit,Kazakhstan,6651,Gambit,197,5276,+517,1.15,1.16,Rating 2.0,Top20,2021-01-01..2021-12-31
2021,16555,Ax1Le,Russia,6651,Gambit,197,5276,+510,1.15,1.16,Rating 2.0,Top20,2021-01-01..2021-12-31
2021,11816,ropz,Estonia,4494,MOUZ,114,3037,+392,1.21,1.15,Rating 2.0,Top20,2021-01-01..2021-12-31
2021,13776,Jame,Russia,5378,Virtus.pro,162,4439,+669,1.28,1.14,Rating 2.0,Top20,2021-01-01..2021-12-31
2021,15631,KSCERATO,Brazil,8297,FURIA,106,2889,+301,1.17,1.14,Rating 2.0,Top20,2021-01-01..2021-12-31
2021,13281,El1an,Russia,10831,Entropiq,92,2455,+283,1.19,1.14,Rating 2.0,Top20,2021-01-01..2021-12-31
2021,7592,device,Denmark,4411|6665,Astralis,155,4113,+423,1.16,1.14,Rating 2.0,Top20,2021-01-01..2021-12-31
2021,8918,electroNic,Russia,4608,Natus Vincere,176,4681,+314,1.10,1.13,Rating 2.0,Top20,2021-01-01..2021-12-31
2021,15165,blameF,Denmark,6665|5005,Astralis,143,3817,+299,1.12,1.13,Rating 2.0,Top20,2021-01-01..2021-12-31
2021,13915,YEKINDAR,Latvia,5378,Virtus.pro,162,4439,+65,1.02,1.13,Rating 2.0,Top20,2021-01-01..2021-12-31
2021,18221,Spinx,Israel,4869,ENCE,58,1540,+132,1.13,1.12,Rating 2.0,Top20,2021-01-01..2021-12-31
2021,9960,frozen,Slovakia,4494,MOUZ,114,3037,+190,1.10,1.12,Rating 2.0,Top20,2021-01-01..2021-12-31
2021,10394,Twistzz,Canada,6667,FaZe,129,3525,+321,1.14,1.12,Rating 2.0,Top20,2021-01-01..2021-12-31
2021,8520,NAF,Canada,5973,Liquid,108,3000,+239,1.13,1.12,Rating 2.0,Top20,2021-01-01..2021-12-31
2021,8789,mir,Russia,7020,Spirit,95,2557,+80,1.05,1.11,Rating 2.0,Top20,2021-01-01..2021-12-31
2021,12732,FL1T,Russia,5378|8135,Virtus.pro|FORZE,88,2435,+115,1.07,1.11,Rating 2.0,Top20,2021-01-01..2021-12-31
2021,3972,huNter-,Bosnia and Herzegovina,5995,G2,174,4751,+287,1.09,1.10,Rating 2.0,Top20,2021-01-01..2021-12-31
2021,10981,mantuu,Poland,10503,OG,101,2785,+273,1.17,1.10,Rating 2.0,Top20,2021-01-01..2021-12-31
2021,18987,b1t,Ukraine,4608,Natus Vincere,149,3929,+296,1.13,1.09,Rating 2.0,Top20,2021-01-01..2021-12-31
2021,16693,flameZ,Israel,10503,OG,66,1821,+44,1.04,1.09,Rating 2.0,Top20,2021-01-01..2021-12-31
2021,18053,broky,Latvia,6667,FaZe,131,3567,+308,1.14,1.09,Rating 2.0,Top20,2021-01-01..2021-12-31
2021,17306,degster,Russia,7020,Spirit,95,2550,+257,1.17,1.09,Rating 2.0,Top20,2021-01-01..2021-12-31
2021,12553,yuurih,Brazil,8297,FURIA,106,2889,+101,1.05,1.08,Rating 2.0,Top20,2021-01-01..2021-12-31
2021,8738,EliGE,United States,5973,Liquid,108,3000,+44,1.02,1.08,Rating 2.0,Top20,2021-01-01..2021-12-31
2021,7938,XANTARES,Türkiye,7532,BIG,106,2941,+177,1.09,1.08,Rating 2.0,Top20,2021-01-01..2021-12-31
2021,9078,k0nfig,Denmark,6665|5005,Astralis,109,2930,+82,1.04,1.08,Rating 2.0,Top20,2021-01-01..2021-12-31
2021,13666,Brollan,Sweden,4991,fnatic,70,1871,+16,1.01,1.07,Rating 2.0,Top20,2021-01-01..2021-12-31
2021,10994,stavn,Denmark,7175,HEROIC,132,3662,+51,1.02,1.07,Rating 2.0,Top20,2021-01-01..2021-12-31
2021,9031,valde,Denmark,10503,OG,101,2785,+133,1.07,1.07,Rating 2.0,Top20,2021-01-01..2021-12-31
2021,11777,Maden,Montenegro,10671,FunPlus Phoenix,53,1412,+25,1.02,1.07,Rating 2.0,Top20,2021-01-01..2021-12-31
2021,16080,dycha,Poland,4869,ENCE,58,1540,-3,1.00,1.07,Rating 2.0,Top20,2021-01-01..2021-12-31
2021,5794,tabseN,Germany,7532,BIG,159,4360,-56,0.98,1.07,Rating 2.0,Top20,2021-01-01..2021-12-31
2021,6904,STYKO,Slovakia,10671,FunPlus Phoenix,52,1376,+58,1.07,1.07,Rating 2.0,Top20,2021-01-01..2021-12-31
2021,18462,mezii,United Kingdom,4991|5752,fnatic|Cloud9,65,1738,+52,1.05,1.07,Rating 2.0,Top20,2021-01-01..2021-12-31
2021,13602,nicoodoz,Denmark,7461,Copenhagen Flames,42,1162,+91,1.13,1.06,Rating 2.0,Top20,2021-01-01..2021-12-31
2021,13466,dennyslaw,Bulgaria,10386,SKADE,42,1183,+63,1.08,1.06,Rating 2.0,Top20,2021-01-01..2021-12-31
2021,7266,syrsoN,Germany,7532,BIG,159,4360,+216,1.08,1.06,Rating 2.0,Top20,2021-01-01..2021-12-31
2021,7964,cadiaN,Denmark,7175,HEROIC,136,3771,+177,1.08,1.06,Rating 2.0,Top20,2021-01-01..2021-12-31
2021,12018,TeSeS,Denmark,7175,HEROIC,136,3771,+17,1.01,1.06,Rating 2.0,Top20,2021-01-01..2021-12-31
2021,9278,REZ,Sweden,4411,Ninjas in Pyjamas,163,4360,+55,1.02,1.06,Rating 2.0,Top20,2021-01-01..2021-12-31
2021,15662,zorte,Russia,8135,FORZE,65,1781,+100,1.09,1.06,Rating 2.0,Top20,2021-01-01..2021-12-31
2021,17956,jabbi,Denmark,7461,Copenhagen Flames,42,1162,+30,1.04,1.05,Rating 2.0,Top20,2021-01-01..2021-12-31
2021,9766,hampus,Sweden,4411,Ninjas in Pyjamas,163,4360,-102,0.97,1.05,Rating 2.0,Top20,2021-01-01..2021-12-31
2021,13300,Farlig,Denmark,10671,FunPlus Phoenix,52,1376,+60,1.07,1.04,Rating 2.0,Top20,2021-01-01..2021-12-31
2021,16848,hades,Poland,4869,ENCE,58,1540,+83,1.09,1.04,Rating 2.0,Top20,2021-01-01..2021-12-31
2021,7398,dupreeh,Denmark,6665,Astralis,115,3103,+83,1.04,1.04,Rating 2.0,Top20,2021-01-01..2021-12-31
2021,7528,KRIMZ,Sweden,4991,fnatic,70,1871,+28,1.02,1.04,Rating 2.0,Top20,2021-01-01..2021-12-31
2021,13982,Forester,Russia,10831|11119,Entropiq|EPG Family,94,2512,-4,1.00,1.04,Rating 2.0,Top20,2021-01-01..2021-12-31
2021,16921,nafany,Russia,6651,Gambit,197,5276,-221,0.94,1.03,Rating 2.0,Top20,2021-01-01..2021-12-31
2021,16947,Perfecto,Russia,4608,Natus Vincere,176,4681,+117,1.04,1.03,Rating 2.0,Top20,2021-01-01..2021-12-31
2021,12731,sdy,Ukraine,7020,Spirit,97,2602,-28,0.98,1.03,Rating 2.0,Top20,2021-01-01..2021-12-31
2021,14148,sjuush,Denmark,7175,HEROIC,123,3408,+23,1.01,1.03,Rating 2.0,Top20,2021-01-01..2021-12-31
2021,9032,Magisk,Denmark,6665,Astralis,115,3103,-55,0.97,1.03,Rating 2.0,Top20,2021-01-01..2021-12-31
2021,11343,SHiPZ,Bulgaria,10386|11066,SKADE|Fiend,49,1377,-48,0.95,1.03,Rating 2.0,Top20,2021-01-01..2021-12-31
2021,12521,arT,Brazil,8297,FURIA,106,2889,-153,0.93,1.02,Rating 2.0,Top20,2021-01-01..2021-12-31
2021,12126,poizon,Bulgaria,5005,Complexity,107,2879,-38,0.98,1.02,Rating 2.0,Top20,2021-01-01..2021-12-31
2021,9136,Brehze,United States,10399,Evil Geniuses,73,1978,-45,0.97,1.02,Rating 2.0,Top20,2021-01-01..2021-12-31
2021,13239,Qikert,Kazakhstan,5378,Virtus.pro,162,4439,-56,0.98,1.02,Rating 2.0,Top20,2021-01-01..2021-12-31
2021,19015,Bymas,Lithuania,4494,MOUZ,114,3037,-25,0.99,1.02,Rating 2.0,Top20,2021-01-01..2021-12-31
2021,12027,Krad,Russia,10831|11119,Entropiq|EPG Family,94,2512,-54,0.97,1.02,Rating 2.0,Top20,2021-01-01..2021-12-31
2021,11942,buster,Kazakhstan,5378,Virtus.pro,162,4439,+45,1.02,1.01,Rating 2.0,Top20,2021-01-01..2021-12-31
2021,14176,misutaaa,France,9565,Vitality,143,3784,-89,0.97,1.01,Rating 2.0,Top20,2021-01-01..2021-12-31
2021,10330,acoR,Denmark,4494,MOUZ,114,3037,+33,1.02,1.01,Rating 2.0,Top20,2021-01-01..2021-12-31
2021,14614,oBo,United States,10399,Evil Geniuses,42,1167,-62,0.93,1.01,Rating 2.0,Top20,2021-01-01..2021-12-31
2021,8183,rain,Norway,6667,FaZe,131,3567,-247,0.90,1.01,Rating 2.0,Top20,2021-01-01..2021-12-31
2021,19236,KENSI,Russia,8135,FORZE,65,1781,+1,1.00,1.01,Rating 2.0,Top20,2021-01-01..2021-12-31
2021,10610,refrezh,Denmark,7175,HEROIC,123,3408,+6,1.00,1.01,Rating 2.0,Top20,2021-01-01..2021-12-31
2021,1378,zehN,Finland,10671,FunPlus Phoenix,52,1376,-8,0.99,1.00,Rating 2.0,Top20,2021-01-01..2021-12-31
2021,10264,niko,Denmark,10503|7175,OG,89,2454,-85,0.95,1.00,Rating 2.0,Top20,2021-01-01..2021-12-31
2021,1225,shox,France,9565,Vitality,148,3944,-28,0.99,1.00,Rating 2.0,Top20,2021-01-01..2021-12-31
2021,2023,FalleN,Brazil,5973,Liquid,108,3000,-37,0.98,1.00,Rating 2.0,Top20,2021-01-01..2021-12-31
2021,4679,jks,Australia,5005,Complexity,118,3158,-78,0.96,0.99,Rating 2.0,Top20,2021-01-01..2021-12-31
2021,18317,magixx,Russia,7020,Spirit,97,2602,-121,0.93,0.99,Rating 2.0,Top20,2021-01-01..2021-12-31
2021,13157,Jerry,Russia,8135,FORZE,65,1781,-87,0.93,0.99,Rating 2.0,Top20,2021-01-01..2021-12-31
2021,9616,amanek,France,5995,G2,174,4751,-106,0.96,0.99,Rating 2.0,Top20,2021-01-01..2021-12-31
2021,7322,apEX,France,9565,Vitality,147,3917,-252,0.91,0.99,Rating 2.0,Top20,2021-01-01..2021-12-31
2021,9216,coldzera,Brazil,6667|5005,FaZe,61,1614,-24,0.98,0.98,Rating 2.0,Top20,2021-01-01..2021-12-31
2021,14218,Plopski,Sweden,4411,Ninjas in Pyjamas,163,4360,-198,0.93,0.98,Rating 2.0,Top20,2021-01-01..2021-12-31
2021,8184,ALEX,United Kingdom,4991|5752,fnatic|Cloud9,65,1738,-91,0.93,0.98,Rating 2.0,Top20,2021-01-01..2021-12-31
2021,8797,Stewie2K,United States,5973,Liquid,108,3000,-231,0.89,0.98,Rating 2.0,Top20,2021-01-01..2021-12-31
2021,11840,Boombl4,Russia,4608,Natus Vincere,176,4681,-353,0.89,0.98,Rating 2.0,Top20,2021-01-01..2021-12-31
2021,20090,Zyphon,Denmark,7461,Copenhagen Flames,42,1162,-68,0.91,0.97,Rating 2.0,Top20,2021-01-01..2021-12-31
2021,9816,Aleksib,Finland,10503,OG,101,2785,-206,0.89,0.97,Rating 2.0,Top20,2021-01-01..2021-12-31
2021,11219,CeRq,Bulgaria,10399,Evil Geniuses,73,1978,-40,0.97,0.97,Rating 2.0,Top20,2021-01-01..2021-12-31
2021,9618,nexa,Serbia,5995,G2,166,4516,-167,0.94,0.97,Rating 2.0,Top20,2021-01-01..2021-12-31
2021,12822,VINI,Brazil,8297,FURIA,106,2889,-176,0.91,0.97,Rating 2.0,Top20,2021-01-01..2021-12-31
2021,17145,Rainwaker,Bulgaria,10386,SKADE,42,1183,-70,0.91,0.97,Rating 2.0,Top20,2021-01-01..2021-12-31
2021,8611,es3tag,Denmark,4411|5005|5752,Cloud9,88,2315,-155,0.90,0.96,Rating 2.0,Top20,2021-01-01..2021-12-31
2021,9612,Bubzkji,Denmark,6665,Astralis,64,1743,-135,0.89,0.96,Rating 2.0,Top20,2021-01-01..2021-12-31
2021,11498,NickelBack,Russia,10831|11119,Entropiq|EPG Family,94,2512,-171,0.90,0.96,Rating 2.0,Top20,2021-01-01..2021-12-31
2021,7412,gla1ve,Denmark,6665,Astralis,122,3296,-298,0.87,0.96,Rating 2.0,Top20,2021-01-01..2021-12-31
2021,13669,Jackinho,Sweden,4991,fnatic,46,1228,-78,0.91,0.96,Rating 2.0,Top20,2021-01-01..2021-12-31
2021,13578,Grim,United States,5973,Liquid,108,3000,-263,0.87,0.95,Rating 2.0,Top20,2021-01-01..2021-12-31
2021,16410,Duplicate,Bulgaria,10386,SKADE,42,1183,-130,0.85,0.95,Rating 2.0,Top20,2021-01-01..2021-12-31
2021,4954,Xyp9x,Denmark,6665,Astralis,129,3489,-252,0.89,0.95,Rating 2.0,Top20,2021-01-01..2021-12-31
2021,9115,dexter,Australia,4494,MOUZ,106,2841,-274,0.86,0.95,Rating 2.0,Top20,2021-01-01..2021-12-31
2021,922,Snappi,Denmark,4869,ENCE,57,1504,-155,0.85,0.95,Rating 2.0,Top20,2021-01-01..2021-12-31
2021,11654,almazer,Russia,8135,FORZE,63,1726,-172,0.86,0.94,Rating 2.0,Top20,2021-01-01..2021-12-31
2021,7716,chopper,Russia,7020,Spirit,94,2523,-218,0.87,0.94,Rating 2.0,Top20,2021-01-01..2021-12-31
2021,15071,interz,Russia,6651,Gambit,197,5276,-257,0.92,0.94,Rating 2.0,Top20,2021-01-01..2021-12-31
2021,12781,k1to,Germany,7532,BIG,159,4360,-406,0.87,0.94,Rating 2.0,Top20,2021-01-01..2021-12-31
2021,9819,doto,Finland,4869,ENCE,58,1540,-139,0.87,0.94,Rating 2.0,Top20,2021-01-01..2021-12-31
2021,885,olofmeister,Sweden,6667,FaZe,101,2764,-138,0.92,0.94,Rating 2.0,Top20,2021-01-01..2021-12-31
2021,13843,Lucky,Denmark,6665,Astralis,62,1594,-71,0.93,0.93,Rating 2.0,Top20,2021-01-01..2021-12-31
2021,13240,Lack1,Kazakhstan,10831|11119,Entropiq|EPG Family,94,2512,-230,0.87,0.93,Rating 2.0,Top20,2021-01-01..2021-12-31
2021,8523,tarik,United States,10399,Evil Geniuses,42,1115,-127,0.84,0.93,Rating 2.0,Top20,2021-01-01..2021-12-31
2021,284,JACKZ,France,5995,G2,150,4101,-477,0.83,0.92,Rating 2.0,Top20,2021-01-01..2021-12-31
2021,19310,LNZ,Sweden,4411,Ninjas in Pyjamas,79,2052,-165,0.87,0.91,Rating 2.0,Top20,2021-01-01..2021-12-31
2021,429,karrigan,Denmark,6667,FaZe,126,3396,-464,0.81,0.91,Rating 2.0,Top20,2021-01-01..2021-12-31
2021,8875,gade,Denmark,7532,BIG,53,1419,-126,0.87,0.91,Rating 2.0,Top20,2021-01-01..2021-12-31
2021,19672,Kyojin,France,9565,Vitality,119,3152,-335,0.84,0.91,Rating 2.0,Top20,2021-01-01..2021-12-31
2021,11716,SANJI,Uzbekistan,5378,Virtus.pro,137,3730,-348,0.86,0.91,Rating 2.0,Top20,2021-01-01..2021-12-31
2021,5796,tiziaN,Germany,7532,BIG,159,4360,-538,0.82,0.90,Rating 2.0,Top20,2021-01-01..2021-12-31
2021,14494,junior,United States,8297,FURIA,53,1419,-106,0.88,0.89,Rating 2.0,Top20,2021-01-01..2021-12-31
2021,7805,RUSH,United States,5005,Complexity,84,2271,-334,0.79,0.89,Rating 2.0,Top20,2021-01-01..2021-12-31
2021,10096,HooXi,Denmark,7461,Copenhagen Flames,42,1162,-170,0.79,0.88,Rating 2.0,Top20,2021-01-01..2021-12-31
2021,8507,stanislaw,Canada,10399,Evil Geniuses,62,1687,-261,0.78,0.87,Rating 2.0,Top20,2021-01-01..2021-12-31
2021,16486,ztr,Sweden,4411,Ninjas in Pyjamas,49,1375,-194,0.79,0.86,Rating 2.0,Top20,2021-01-01..2021-12-31
2022,16920,sh1ro,Russia,5752|6651|11616,Cloud9|Gambit|Players,103,2745,+686,1.47,1.26,Rating 2.0,Top20,2022-01-01..2022-12-31
2022,7998,s1mple,Ukraine,4608,Natus Vincere,116,3121,+672,1.35,1.26,Rating 2.0,Top20,2022-01-01..2022-12-31
2022,11893,ZywOo,France,9565,Vitality,131,3611,+687,1.32,1.24,Rating 2.0,Top20,2022-01-01..2022-12-31
2022,15165,blameF,Denmark,6665,Astralis,136,3804,+557,1.23,1.21,Rating 2.0,Top20,2022-01-01..2022-12-31
2022,16555,Ax1Le,Russia,5752|6651|11616,Cloud9|Gambit|Players,103,2745,+340,1.20,1.21,Rating 2.0,Top20,2022-01-01..2022-12-31
2022,3741,NiKo,Bosnia and Herzegovina,5995,G2,116,3192,+310,1.15,1.20,Rating 2.0,Top20,2022-01-01..2022-12-31
2022,10994,stavn,Denmark,7175,HEROIC,120,3224,+314,1.15,1.16,Rating 2.0,Top20,2022-01-01..2022-12-31
2022,17306,degster,Russia,10503|7020,OG,57,1577,+245,1.27,1.15,Rating 2.0,Top20,2022-01-01..2022-12-31
2022,19230,m0NESY,Russia,5995,G2,116,3192,+443,1.23,1.15,Rating 2.0,Top20,2022-01-01..2022-12-31
2022,9960,frozen,Slovakia,4494,MOUZ,118,3124,+359,1.20,1.15,Rating 2.0,Top20,2022-01-01..2022-12-31
2022,15631,KSCERATO,Brazil,8297,FURIA,89,2357,+273,1.19,1.14,Rating 2.0,Top20,2022-01-01..2022-12-31
2022,19164,SunPayus,Spain,4869|7718,ENCE|Movistar Riders,89,2389,+303,1.22,1.14,Rating 2.0,Top20,2022-01-01..2022-12-31
2022,13915,YEKINDAR,Latvia,5973|11595|5378,Liquid|Outsiders|Virtus.pro,111,3008,+142,1.07,1.14,Rating 2.0,Top20,2022-01-01..2022-12-31
2022,18053,broky,Latvia,6667,FaZe,148,4054,+530,1.22,1.13,Rating 2.0,Top20,2022-01-01..2022-12-31
2022,19673,Patsi,Russia,7020,Spirit,60,1632,+50,1.04,1.13,Rating 2.0,Top20,2022-01-01..2022-12-31
2022,20127,w0nderful,Ukraine,7020,Spirit,44,1175,+153,1.23,1.13,Rating 2.0,Top20,2022-01-01..2022-12-31
2022,11816,ropz,Estonia,6667,FaZe,144,3947,+476,1.20,1.12,Rating 2.0,Top20,2022-01-01..2022-12-31
2022,12553,yuurih,Brazil,8297,FURIA,89,2357,+172,1.12,1.12,Rating 2.0,Top20,2022-01-01..2022-12-31
2022,11954,FASHR,Netherlands,4991|11419,fnatic|ECSTATIC,57,1539,+91,1.09,1.12,Rating 2.0,Top20,2022-01-01..2022-12-31
2022,10394,Twistzz,Canada,6667,FaZe,148,4054,+330,1.13,1.11,Rating 2.0,Top20,2022-01-01..2022-12-31
2022,3972,huNter-,Bosnia and Herzegovina,5995,G2,116,3192,+232,1.11,1.11,Rating 2.0,Top20,2022-01-01..2022-12-31
2022,8528,HObbit,Kazakhstan,5752|6651|11616,Cloud9|Gambit|Players,103,2745,+99,1.05,1.10,Rating 2.0,Top20,2022-01-01..2022-12-31
2022,7266,syrsoN,Germany,7532,BIG,115,3158,+277,1.15,1.10,Rating 2.0,Top20,2022-01-01..2022-12-31
2022,13776,Jame,Russia,11595|5378,Outsiders|Virtus.pro,97,2530,+313,1.24,1.10,Rating 2.0,Top20,2022-01-01..2022-12-31
2022,16693,flameZ,Israel,10503,OG,68,1841,0,1.00,1.09,Rating 2.0,Top20,2022-01-01..2022-12-31
2022,18221,Spinx,Israel,9565|4869,Vitality|ENCE,149,4047,+276,1.11,1.09,Rating 2.0,Top20,2022-01-01..2022-12-31
2022,8520,NAF,Canada,5973,Liquid,106,2877,+203,1.11,1.09,Rating 2.0,Top20,2022-01-01..2022-12-31
2022,8738,EliGE,United States,5973,Liquid,106,2877,+59,1.03,1.09,Rating 2.0,Top20,2022-01-01..2022-12-31
2022,16080,dycha,Poland,4869,ENCE,135,3620,+97,1.04,1.08,Rating 2.0,Top20,2022-01-01..2022-12-31
2022,8918,electroNic,Russia,4608,Natus Vincere,118,3171,+48,1.02,1.08,Rating 2.0,Top20,2022-01-01..2022-12-31
2022,18987,b1t,Ukraine,4608,Natus Vincere,118,3171,+132,1.07,1.08,Rating 2.0,Top20,2022-01-01..2022-12-31
2022,12732,FL1T,Russia,11595|5378,Outsiders|Virtus.pro,97,2530,+103,1.06,1.08,Rating 2.0,Top20,2022-01-01..2022-12-31
2022,8183,rain,Norway,6667,FaZe,141,3836,-4,1.00,1.08,Rating 2.0,Top20,2022-01-01..2022-12-31
2022,13982,Forester,Russia,10831,Entropiq,55,1530,+24,1.02,1.07,Rating 2.0,Top20,2022-01-01..2022-12-31
2022,9278,REZ,Sweden,4411,Ninjas in Pyjamas,113,2989,+92,1.05,1.07,Rating 2.0,Top20,2022-01-01..2022-12-31
2022,12018,TeSeS,Denmark,7175,HEROIC,126,3397,+18,1.01,1.07,Rating 2.0,Top20,2022-01-01..2022-12-31
2022,7964,cadiaN,Denmark,7175,HEROIC,126,3397,+140,1.07,1.06,Rating 2.0,Top20,2022-01-01..2022-12-31
2022,15662,zorte,Russia,8135,FORZE,52,1438,+94,1.11,1.06,Rating 2.0,Top20,2022-01-01..2022-12-31
2022,20101,fame,Russia,11595|7244,Outsiders,89,2357,+77,1.05,1.06,Rating 2.0,Top20,2022-01-01..2022-12-31
2022,14419,roeJ,Denmark,4991|7461,fnatic|Copenhagen Flames,90,2329,-46,0.97,1.06,Rating 2.0,Top20,2022-01-01..2022-12-31
2022,13578,Grim,United States,5005,Complexity,42,1187,-9,0.99,1.06,Rating 2.0,Top20,2022-01-01..2022-12-31
2022,18072,torzsi,Hungary,4494,MOUZ,118,3124,+220,1.12,1.06,Rating 2.0,Top20,2022-01-01..2022-12-31
2022,9078,k0nfig,Denmark,6665,Astralis,124,3427,+15,1.01,1.06,Rating 2.0,Top20,2022-01-01..2022-12-31
2022,12713,floppy,United States,5005,Complexity,42,1187,+21,1.03,1.06,Rating 2.0,Top20,2022-01-01..2022-12-31
2022,13666,Brollan,Sweden,4411|4991,fnatic,94,2486,-72,0.96,1.05,Rating 2.0,Top20,2022-01-01..2022-12-31
2022,20312,xertioN,Israel,4494,MOUZ,42,1097,-21,0.97,1.05,Rating 2.0,Top20,2022-01-01..2022-12-31
2022,13602,nicoodoz,Denmark,4991|7461,fnatic|Copenhagen Flames,90,2329,+106,1.07,1.05,Rating 2.0,Top20,2022-01-01..2022-12-31
2022,8371,alex,Spain,7718,Movistar Riders,70,1839,+15,1.01,1.05,Rating 2.0,Top20,2022-01-01..2022-12-31
2022,8564,fer,Brazil,9455,Imperial,46,1286,+1,1.00,1.05,Rating 2.0,Top20,2022-01-01..2022-12-31
2022,5794,tabseN,Germany,7532,BIG,122,3334,-72,0.97,1.04,Rating 2.0,Top20,2022-01-01..2022-12-31
2022,14148,sjuush,Denmark,7175,HEROIC,126,3397,+35,1.02,1.04,Rating 2.0,Top20,2022-01-01..2022-12-31
2022,9032,Magisk,Denmark,9565,Vitality,131,3611,-48,0.98,1.04,Rating 2.0,Top20,2022-01-01..2022-12-31
2022,13249,oSee,United States,5973,Liquid,106,2877,+127,1.07,1.04,Rating 2.0,Top20,2022-01-01..2022-12-31
2022,16848,hades,Poland,4869,ENCE,103,2742,+139,1.08,1.04,Rating 2.0,Top20,2022-01-01..2022-12-31
2022,16947,Perfecto,Russia,4608,Natus Vincere,118,3171,+58,1.03,1.04,Rating 2.0,Top20,2022-01-01..2022-12-31
2022,17011,shalfey,Russia,8135,FORZE,52,1438,+9,1.01,1.03,Rating 2.0,Top20,2022-01-01..2022-12-31
2022,19015,Bymas,Lithuania,4494,MOUZ,63,1667,+1,1.00,1.03,Rating 2.0,Top20,2022-01-01..2022-12-31
2022,18317,magixx,Russia,7020,Spirit,60,1632,+21,1.02,1.03,Rating 2.0,Top20,2022-01-01..2022-12-31
2022,17956,jabbi,Denmark,7175|7461,Copenhagen Flames,127,3368,-1,1.00,1.03,Rating 2.0,Top20,2022-01-01..2022-12-31
2022,4679,jks,Australia,5995|6667,G2|FaZe,50,1370,+16,1.02,1.03,Rating 2.0,Top20,2022-01-01..2022-12-31
2022,18462,mezii,United Kingdom,4991,fnatic,74,1909,+44,1.04,1.03,Rating 2.0,Top20,2022-01-01..2022-12-31
2022,13281,El1an,Russia,10831,Entropiq,55,1530,+62,1.07,1.02,Rating 2.0,Top20,2022-01-01..2022-12-31
2022,14932,faveN,Germany,7532,BIG,89,2423,-1,1.00,1.02,Rating 2.0,Top20,2022-01-01..2022-12-31
2022,8568,boltz,Brazil,9455,Imperial,46,1286,-50,0.94,1.01,Rating 2.0,Top20,2022-01-01..2022-12-31
2022,12521,arT,Brazil,8297,FURIA,89,2357,-198,0.88,1.01,Rating 2.0,Top20,2022-01-01..2022-12-31
2022,9031,valde,Denmark,4869|10503,ENCE|OG,48,1317,-2,1.00,1.01,Rating 2.0,Top20,2022-01-01..2022-12-31
2022,19236,KENSI,Russia,8135,FORZE,52,1438,-20,0.98,1.01,Rating 2.0,Top20,2022-01-01..2022-12-31
2022,16612,n0rb3r7,Russia,11595|7244,Outsiders,89,2357,-58,0.96,1.00,Rating 2.0,Top20,2022-01-01..2022-12-31
2022,11498,NickelBack,Russia,10831,Entropiq,55,1530,-73,0.93,1.00,Rating 2.0,Top20,2022-01-01..2022-12-31
2022,9766,hampus,Sweden,4411,Ninjas in Pyjamas,105,2781,-105,0.95,1.00,Rating 2.0,Top20,2022-01-01..2022-12-31
2022,7398,dupreeh,Denmark,9565,Vitality,131,3611,-70,0.97,1.00,Rating 2.0,Top20,2022-01-01..2022-12-31
2022,18835,saffee,Brazil,8297,FURIA,89,2357,+50,1.03,1.00,Rating 2.0,Top20,2022-01-01..2022-12-31
2022,18506,S1ren,Russia,7020,Spirit,60,1632,-5,1.00,1.00,Rating 2.0,Top20,2022-01-01..2022-12-31
2022,20090,Zyphon,Denmark,8637|7461,Sprout|Copenhagen Flames,68,1786,-41,0.97,1.00,Rating 2.0,Top20,2022-01-01..2022-12-31
2022,11777,Maden,Montenegro,4869,ENCE,134,3592,-165,0.93,1.00,Rating 2.0,Top20,2022-01-01..2022-12-31
2022,20304,Staehr,Denmark,8637,Sprout,41,1074,-57,0.92,0.99,Rating 2.0,Top20,2022-01-01..2022-12-31
2022,2023,FalleN,Brazil,9455,Imperial,46,1286,-15,0.98,0.99,Rating 2.0,Top20,2022-01-01..2022-12-31
2022,15821,NEOFRAG,Czech Republic,10503,OG,52,1402,-132,0.87,0.98,Rating 2.0,Top20,2022-01-01..2022-12-31
2022,9254,mopoz,Spain,7718,Movistar Riders,70,1839,-137,0.90,0.98,Rating 2.0,Top20,2022-01-01..2022-12-31
2022,7716,chopper,Russia,7020,Spirit,60,1632,-56,0.95,0.98,Rating 2.0,Top20,2022-01-01..2022-12-31
2022,15071,interz,Russia,5752|6651|11616,Cloud9|Gambit|Players,103,2745,+8,1.01,0.98,Rating 2.0,Top20,2022-01-01..2022-12-31
2022,12731,sdy,Ukraine,4608,Natus Vincere,72,1933,-59,0.95,0.98,Rating 2.0,Top20,2022-01-01..2022-12-31
2022,17372,FaNg,Canada,5005,Complexity,42,1187,-72,0.91,0.98,Rating 2.0,Top20,2022-01-01..2022-12-31
2022,14929,JDC,Germany,4494,MOUZ,108,2842,-138,0.93,0.97,Rating 2.0,Top20,2022-01-01..2022-12-31
2022,11840,Boombl4,Russia,4608,Natus Vincere,43,1152,-65,0.91,0.97,Rating 2.0,Top20,2022-01-01..2022-12-31
2022,7528,KRIMZ,Sweden,4991,fnatic,57,1488,-93,0.91,0.97,Rating 2.0,Top20,2022-01-01..2022-12-31
2022,19899,Krimbo,Germany,7532,BIG,88,2436,-79,0.95,0.96,Rating 2.0,Top20,2022-01-01..2022-12-31
2022,19882,Norwi,Russia,8135,FORZE,52,1438,-28,0.97,0.96,Rating 2.0,Top20,2022-01-01..2022-12-31
2022,13240,Lack1,Kazakhstan,10831,Entropiq,47,1318,-120,0.87,0.96,Rating 2.0,Top20,2022-01-01..2022-12-31
2022,13300,Farlig,Denmark,6665,Astralis,98,2725,-41,0.98,0.96,Rating 2.0,Top20,2022-01-01..2022-12-31
2022,9618,nexa,Serbia,10503,OG,68,1841,-77,0.94,0.96,Rating 2.0,Top20,2022-01-01..2022-12-31
2022,13239,Qikert,Kazakhstan,11595|5378,Outsiders|Virtus.pro,97,2530,-229,0.86,0.95,Rating 2.0,Top20,2022-01-01..2022-12-31
2022,13157,Jerry,Russia,8135,FORZE,52,1438,-183,0.83,0.95,Rating 2.0,Top20,2022-01-01..2022-12-31
2022,14218,Plopski,Sweden,4411,Ninjas in Pyjamas,94,2447,-147,0.91,0.95,Rating 2.0,Top20,2022-01-01..2022-12-31
2022,10610,refrezh,Denmark,8637|7175,Sprout,67,1815,-132,0.89,0.95,Rating 2.0,Top20,2022-01-01..2022-12-31
2022,284,JACKZ,France,5995,G2,77,2147,-101,0.93,0.95,Rating 2.0,Top20,2022-01-01..2022-12-31
2022,12781,k1to,Germany,7532,BIG,84,2268,-161,0.90,0.95,Rating 2.0,Top20,2022-01-01..2022-12-31
2022,4954,Xyp9x,Denmark,6665,Astralis,136,3804,-340,0.86,0.95,Rating 2.0,Top20,2022-01-01..2022-12-31
2022,16921,nafany,Russia,5752|6651|11616,Cloud9|Gambit|Players,103,2745,-309,0.84,0.94,Rating 2.0,Top20,2022-01-01..2022-12-31
2022,19044,F1KU,Poland,10503,OG,52,1402,-102,0.89,0.94,Rating 2.0,Top20,2022-01-01..2022-12-31
2022,12027,Krad,Russia,10831,Entropiq,55,1530,-135,0.87,0.94,Rating 2.0,Top20,2022-01-01..2022-12-31
2022,9816,Aleksib,Finland,4411|5995,G2,91,2554,-250,0.85,0.94,Rating 2.0,Top20,2022-01-01..2022-12-31
2022,7412,gla1ve,Denmark,6665,Astralis,135,3774,-366,0.86,0.93,Rating 2.0,Top20,2022-01-01..2022-12-31
2022,19750,drop,Brazil,8297,FURIA,89,2357,-176,0.88,0.93,Rating 2.0,Top20,2022-01-01..2022-12-31
2022,12822,VINI,Brazil,9455,Imperial,46,1286,-104,0.88,0.93,Rating 2.0,Top20,2022-01-01..2022-12-31
2022,8611,es3tag,Denmark,4411,Ninjas in Pyjamas,113,2989,-210,0.89,0.93,Rating 2.0,Top20,2022-01-01..2022-12-31
2022,922,Snappi,Denmark,4869,ENCE,135,3620,-353,0.86,0.93,Rating 2.0,Top20,2022-01-01..2022-12-31
2022,5796,tiziaN,Germany,7532,BIG,90,2472,-247,0.85,0.92,Rating 2.0,Top20,2022-01-01..2022-12-31
2022,9115,dexter,Australia,4494,MOUZ,118,3124,-378,0.83,0.92,Rating 2.0,Top20,2022-01-01..2022-12-31
2022,13093,DeathZz,Spain,7718,Movistar Riders,70,1839,-140,0.88,0.92,Rating 2.0,Top20,2022-01-01..2022-12-31
2022,15370,slaxz-,Germany,8637,Sprout,41,1074,-95,0.86,0.92,Rating 2.0,Top20,2022-01-01..2022-12-31
2022,429,karrigan,Denmark,6667,FaZe,148,4054,-552,0.80,0.91,Rating 2.0,Top20,2022-01-01..2022-12-31
2022,14176,misutaaa,France,9565,Vitality,74,2012,-225,0.84,0.90,Rating 2.0,Top20,2022-01-01..2022-12-31
2022,7322,apEX,France,9565,Vitality,131,3611,-489,0.81,0.90,Rating 2.0,Top20,2022-01-01..2022-12-31
2022,19509,dav1g,Spain,7718,Movistar Riders,70,1839,-244,0.81,0.90,Rating 2.0,Top20,2022-01-01..2022-12-31
2022,7687,nitr0,United States,5973,Liquid,106,2877,-367,0.81,0.89,Rating 2.0,Top20,2022-01-01..2022-12-31
2022,10096,HooXi,Denmark,5995|7461,G2|Copenhagen Flames,92,2425,-446,0.73,0.82,Rating 2.0,Top20,2022-01-01..2022-12-31
2022,11630,JT,South Africa,5005,Complexity,42,1187,-276,0.68,0.81,Rating 2.0,Top20,2022-01-01..2022-12-31
2023,11893,ZywOo,France,9565,Vitality,118,3093,+685,1.38,1.28,Rating 2.0,Top20,2023-01-01..2023-12-31
2023,7592,device,Denmark,6665,Astralis,110,2902,+517,1.30,1.21,Rating 2.0,Top20,2023-01-01..2023-12-31
2023,16920,sh1ro,Russia,5752,Cloud9,124,3369,+682,1.36,1.20,Rating 2.0,Top20,2023-01-01..2023-12-31
2023,7938,XANTARES,Türkiye,11251,Eternal Fire,68,1828,+153,1.13,1.20,Rating 2.0,Top20,2023-01-01..2023-12-31
2023,3741,NiKo,Bosnia and Herzegovina,5995,G2,113,2941,+349,1.19,1.19,Rating 2.0,Top20,2023-01-01..2023-12-31
2023,9960,frozen,Slovakia,4494,MOUZ,112,2792,+399,1.25,1.19,Rating 2.0,Top20,2023-01-01..2023-12-31
2023,15165,blameF,Denmark,6665,Astralis,110,2902,+366,1.21,1.18,Rating 2.0,Top20,2023-01-01..2023-12-31
2023,7998,s1mple,Ukraine,4608,Natus Vincere,90,2423,+350,1.24,1.18,Rating 2.0,Top20,2023-01-01..2023-12-31
2023,18221,Spinx,Israel,9565,Vitality,118,3093,+388,1.20,1.17,Rating 2.0,Top20,2023-01-01..2023-12-31
2023,19230,m0NESY,Russia,5995,G2,113,2941,+420,1.24,1.17,Rating 2.0,Top20,2023-01-01..2023-12-31
2023,15662,zorte,Russia,12394|8135,BETBOOM|FORZE,61,1481,+238,1.28,1.16,Rating 2.0,Top20,2023-01-01..2023-12-31
2023,11816,ropz,Estonia,6667,FaZe,162,4143,+553,1.22,1.16,Rating 2.0,Top20,2023-01-01..2023-12-31
2023,13776,Jame,Russia,5378|11595,Virtus.pro|Outsiders,111,2804,+469,1.33,1.16,Rating 2.0,Top20,2023-01-01..2023-12-31
2023,19164,SunPayus,Spain,4869,ENCE,123,3175,+396,1.21,1.13,Rating 2.0,Top20,2023-01-01..2023-12-31
2023,15631,KSCERATO,Brazil,8297,FURIA,98,2421,+221,1.15,1.13,Rating 2.0,Top20,2023-01-01..2023-12-31
2023,18053,broky,Latvia,6667,FaZe,162,4143,+429,1.17,1.12,Rating 2.0,Top20,2023-01-01..2023-12-31
2023,12732,FL1T,Russia,5378|11595,Virtus.pro|Outsiders,111,2804,+91,1.05,1.12,Rating 2.0,Top20,2023-01-01..2023-12-31
2023,19899,Krimbo,Germany,7532,BIG,116,3054,+315,1.18,1.12,Rating 2.0,Top20,2023-01-01..2023-12-31
2023,10994,stavn,Denmark,7175,HEROIC,103,2775,+147,1.08,1.12,Rating 2.0,Top20,2023-01-01..2023-12-31
2023,16555,Ax1Le,Russia,5752,Cloud9,146,3759,+215,1.09,1.11,Rating 2.0,Top20,2023-01-01..2023-12-31
2023,17306,degster,Russia,10503,OG,61,1697,+191,1.19,1.11,Rating 2.0,Top20,2023-01-01..2023-12-31
2023,8248,jkaem,Norway,9806,Apeks,94,2482,+27,1.02,1.10,Rating 2.0,Top20,2023-01-01..2023-12-31
2023,8738,EliGE,United States,5005|5973,Liquid,120,3008,+90,1.04,1.09,Rating 2.0,Top20,2023-01-01..2023-12-31
2023,18850,Jimpphat,Finland,4494,MOUZ,54,1299,+99,1.13,1.09,Rating 2.0,Top20,2023-01-01..2023-12-31
2023,9032,Magisk,Denmark,9565,Vitality,100,2710,+101,1.06,1.09,Rating 2.0,Top20,2023-01-01..2023-12-31
2023,13670,nawwk,Sweden,9806,Apeks,94,2482,+306,1.21,1.09,Rating 2.0,Top20,2023-01-01..2023-12-31
2023,17956,jabbi,Denmark,7175,HEROIC,102,2753,+99,1.06,1.09,Rating 2.0,Top20,2023-01-01..2023-12-31
2023,18072,torzsi,Hungary,4494,MOUZ,111,2763,+261,1.16,1.08,Rating 2.0,Top20,2023-01-01..2023-12-31
2023,12731,sdy,Ukraine,11811,Monte,80,2038,+100,1.07,1.08,Rating 2.0,Top20,2023-01-01..2023-12-31
2023,8918,electroNic,Russia,5752|4608,Cloud9|Natus Vincere,130,3319,-9,1.00,1.08,Rating 2.0,Top20,2023-01-01..2023-12-31
2023,20127,w0nderful,Ukraine,4608|7020,Natus Vincere,52,1288,+125,1.17,1.08,Rating 2.0,Top20,2023-01-01..2023-12-31
2023,9436,NertZ,Israel,4869,ENCE,106,2700,+97,1.06,1.08,Rating 2.0,Top20,2023-01-01..2023-12-31
2023,20312,xertioN,Israel,4494,MOUZ,111,2763,-47,0.98,1.08,Rating 2.0,Top20,2023-01-01..2023-12-31
2023,10394,Twistzz,Canada,6667,FaZe,155,3985,+159,1.06,1.08,Rating 2.0,Top20,2023-01-01..2023-12-31
2023,16848,hades,Poland,10278,9INE,65,1830,+141,1.12,1.07,Rating 2.0,Top20,2023-01-01..2023-12-31
2023,7964,cadiaN,Denmark,7175,HEROIC,100,2697,+159,1.10,1.07,Rating 2.0,Top20,2023-01-01..2023-12-31
2023,18987,b1t,Ukraine,4608,Natus Vincere,113,2917,+107,1.06,1.07,Rating 2.0,Top20,2023-01-01..2023-12-31
2023,18462,mezii,United Kingdom,9565|4991,fnatic,113,2888,+24,1.01,1.07,Rating 2.0,Top20,2023-01-01..2023-12-31
2023,3972,huNter-,Bosnia and Herzegovina,5995,G2,113,2941,+108,1.06,1.06,Rating 2.0,Top20,2023-01-01..2023-12-31
2023,19284,prosus,Germany,7532,BIG,50,1255,+2,1.00,1.06,Rating 2.0,Top20,2023-01-01..2023-12-31
2023,5794,tabseN,Germany,7532,BIG,116,3054,-100,0.95,1.06,Rating 2.0,Top20,2023-01-01..2023-12-31
2023,8520,NAF,Canada,5973,Liquid,81,2195,+83,1.06,1.06,Rating 2.0,Top20,2023-01-01..2023-12-31
2023,12553,yuurih,Brazil,8297,FURIA,98,2421,+14,1.01,1.06,Rating 2.0,Top20,2023-01-01..2023-12-31
2023,19592,headtr1ck,Ukraine,4411,Ninjas in Pyjamas,114,3038,+281,1.16,1.06,Rating 2.0,Top20,2023-01-01..2023-12-31
2023,14759,iM,Romania,4608|9928,Natus Vincere|GamerLegion,83,2080,-6,1.00,1.06,Rating 2.0,Top20,2023-01-01..2023-12-31
2023,16885,Woro2k,Ukraine,11811,Monte,80,2038,+76,1.06,1.06,Rating 2.0,Top20,2023-01-01..2023-12-31
2023,9278,REZ,Sweden,4411,Ninjas in Pyjamas,114,3038,+87,1.04,1.06,Rating 2.0,Top20,2023-01-01..2023-12-31
2023,16612,n0rb3r7,Russia,5378,Virtus.pro,73,1759,-56,0.95,1.06,Rating 2.0,Top20,2023-01-01..2023-12-31
2023,8183,rain,Norway,6667,FaZe,155,3974,-115,0.96,1.05,Rating 2.0,Top20,2023-01-01..2023-12-31
2023,16693,flameZ,Israel,9565|10503,OG,122,3186,-50,0.98,1.05,Rating 2.0,Top20,2023-01-01..2023-12-31
2023,20101,fame,Russia,5378|11595,Virtus.pro|Outsiders,111,2804,+101,1.06,1.05,Rating 2.0,Top20,2023-01-01..2023-12-31
2023,13602,nicoodoz,Denmark,4991,fnatic,52,1399,+72,1.09,1.05,Rating 2.0,Top20,2023-01-01..2023-12-31
2023,18790,CacaNito,North Macedonia,9806,Apeks,56,1412,-24,0.98,1.04,Rating 2.0,Top20,2023-01-01..2023-12-31
2023,8528,HObbit,Kazakhstan,5752,Cloud9,156,4051,-68,0.97,1.04,Rating 2.0,Top20,2023-01-01..2023-12-31
2023,18317,magixx,Russia,7020,Spirit,82,1998,+48,1.04,1.04,Rating 2.0,Top20,2023-01-01..2023-12-31
2023,12840,hallzerk,Norway,5005,Complexity,103,2519,+111,1.07,1.04,Rating 2.0,Top20,2023-01-01..2023-12-31
2023,19206,jL,Lithuania,4608|9806,Natus Vincere|Apeks,96,2502,-31,0.98,1.04,Rating 2.0,Top20,2023-01-01..2023-12-31
2023,14148,sjuush,Denmark,7175,HEROIC,108,2875,-24,0.99,1.04,Rating 2.0,Top20,2023-01-01..2023-12-31
2023,19733,DemQQ,Ukraine,11811,Monte,80,2038,-41,0.97,1.04,Rating 2.0,Top20,2023-01-01..2023-12-31
2023,4679,jks,Australia,5995,G2,105,2750,+42,1.03,1.04,Rating 2.0,Top20,2023-01-01..2023-12-31
2023,17504,KEi,Poland,10278,9INE,65,1830,-72,0.95,1.03,Rating 2.0,Top20,2023-01-01..2023-12-31
2023,8789,mir,Russia,5378,Virtus.pro,81,1983,-20,0.98,1.03,Rating 2.0,Top20,2023-01-01..2023-12-31
2023,12018,TeSeS,Denmark,7175,HEROIC,108,2875,-65,0.97,1.03,Rating 2.0,Top20,2023-01-01..2023-12-31
2023,7398,dupreeh,Denmark,9565|7175,HEROIC,72,1925,-22,0.98,1.03,Rating 2.0,Top20,2023-01-01..2023-12-31
2023,12713,floppy,United States,5005,Complexity,107,2617,-59,0.97,1.03,Rating 2.0,Top20,2023-01-01..2023-12-31
2023,16717,br0,Denmark,11811,Monte,62,1555,-48,0.95,1.03,Rating 2.0,Top20,2023-01-01..2023-12-31
2023,13578,Grim,United States,5005,Complexity,107,2617,-84,0.95,1.03,Rating 2.0,Top20,2023-01-01..2023-12-31
2023,13249,oSee,United States,5973,Liquid,81,2195,+121,1.09,1.03,Rating 2.0,Top20,2023-01-01..2023-12-31
2023,16080,dycha,Poland,4869,ENCE,114,2986,-67,0.97,1.03,Rating 2.0,Top20,2023-01-01..2023-12-31
2023,16947,Perfecto,Russia,5752|4608,Cloud9|Natus Vincere,130,3319,+76,1.04,1.02,Rating 2.0,Top20,2023-01-01..2023-12-31
2023,10330,acoR,Denmark,9928,GamerLegion,73,1805,+59,1.05,1.02,Rating 2.0,Top20,2023-01-01..2023-12-31
2023,13915,YEKINDAR,Latvia,5973,Liquid,81,2195,-118,0.92,1.02,Rating 2.0,Top20,2023-01-01..2023-12-31
2023,9078,k0nfig,Denmark,4411,Ninjas in Pyjamas,103,2750,-74,0.96,1.02,Rating 2.0,Top20,2023-01-01..2023-12-31
2023,14932,faveN,Germany,7532,BIG,66,1799,-15,0.99,1.01,Rating 2.0,Top20,2023-01-01..2023-12-31
2023,12781,k1to,Germany,7532,BIG,69,1890,-93,0.93,1.01,Rating 2.0,Top20,2023-01-01..2023-12-31
2023,20282,kRaSnaL,Poland,11811,Monte,80,2038,-95,0.93,1.01,Rating 2.0,Top20,2023-01-01..2023-12-31
2023,20358,volt,Romania,9928|11164,GamerLegion|Into the Breach,72,1825,-58,0.95,1.00,Rating 2.0,Top20,2023-01-01..2023-12-31
2023,13666,Brollan,Sweden,4411,Ninjas in Pyjamas,106,2830,-200,0.90,1.00,Rating 2.0,Top20,2023-01-01..2023-12-31
2023,18506,S1ren,Russia,12394|7020,BETBOOM,59,1430,-26,0.97,1.00,Rating 2.0,Top20,2023-01-01..2023-12-31
2023,18835,saffee,Brazil,9215|8297,FURIA,67,1689,+17,1.02,1.00,Rating 2.0,Top20,2023-01-01..2023-12-31
2023,15428,Goofy,Poland,10278,9INE,65,1830,-67,0.95,1.00,Rating 2.0,Top20,2023-01-01..2023-12-31
2023,8575,Calyx,Türkiye,11251,Eternal Fire,68,1828,-9,0.99,1.00,Rating 2.0,Top20,2023-01-01..2023-12-31
2023,7528,KRIMZ,Sweden,4991,fnatic,94,2480,-45,0.97,0.99,Rating 2.0,Top20,2023-01-01..2023-12-31
2023,21468,hyped,Germany,7532,BIG,51,1427,-4,1.00,0.99,Rating 2.0,Top20,2023-01-01..2023-12-31
2023,11777,Maden,Montenegro,4869,ENCE,123,3175,-154,0.93,0.99,Rating 2.0,Top20,2023-01-01..2023-12-31
2023,20304,Staehr,Denmark,6665|8637,Astralis|Sprout,56,1417,-84,0.91,0.99,Rating 2.0,Top20,2023-01-01..2023-12-31
2023,10566,chelo,Brazil,8297|9455,FURIA|Imperial,69,1638,-101,0.91,0.98,Rating 2.0,Top20,2023-01-01..2023-12-31
2023,19114,Kylar,Poland,10278,9INE,65,1830,-38,0.97,0.98,Rating 2.0,Top20,2023-01-01..2023-12-31
2023,14419,roeJ,Denmark,4991,fnatic,95,2505,-184,0.90,0.98,Rating 2.0,Top20,2023-01-01..2023-12-31
2023,19677,kyxsan,North Macedonia,9806,Apeks,94,2482,-157,0.91,0.98,Rating 2.0,Top20,2023-01-01..2023-12-31
2023,2023,FalleN,Brazil,8297|9455,FURIA|Imperial,69,1638,-26,0.98,0.97,Rating 2.0,Top20,2023-01-01..2023-12-31
2023,19673,Patsi,Russia,7020|5973,Liquid,65,1717,-153,0.88,0.97,Rating 2.0,Top20,2023-01-01..2023-12-31
2023,17937,isak,Sweden,9928,GamerLegion,73,1805,-124,0.90,0.97,Rating 2.0,Top20,2023-01-01..2023-12-31
2023,16820,siuhy,Poland,4494|9928,MOUZ|GamerLegion,87,2128,-174,0.88,0.96,Rating 2.0,Top20,2023-01-01..2023-12-31
2023,12521,arT,Brazil,8297,FURIA,98,2421,-260,0.85,0.96,Rating 2.0,Top20,2023-01-01..2023-12-31
2023,20941,Buzz,Denmark,6665,Astralis,105,2783,-203,0.89,0.95,Rating 2.0,Top20,2023-01-01..2023-12-31
2023,15821,NEOFRAG,Czech Republic,10503,OG,74,2011,-168,0.88,0.95,Rating 2.0,Top20,2023-01-01..2023-12-31
2023,11942,buster,Kazakhstan,5752,Cloud9,93,2563,-132,0.92,0.95,Rating 2.0,Top20,2023-01-01..2023-12-31
2023,9816,Aleksib,Finland,4608|4411,Natus Vincere,128,3327,-302,0.86,0.94,Rating 2.0,Top20,2023-01-01..2023-12-31
2023,7716,chopper,Russia,7020,Spirit,82,1998,-170,0.87,0.94,Rating 2.0,Top20,2023-01-01..2023-12-31
2023,7412,gla1ve,Denmark,4869|6665,ENCE|Astralis,72,1890,-179,0.86,0.94,Rating 2.0,Top20,2023-01-01..2023-12-31
2023,19044,F1KU,Poland,10503,OG,72,1965,-152,0.88,0.94,Rating 2.0,Top20,2023-01-01..2023-12-31
2023,7322,apEX,France,9565,Vitality,118,3093,-295,0.86,0.94,Rating 2.0,Top20,2023-01-01..2023-12-31
2023,11954,FASHR,Netherlands,4991,fnatic,52,1399,-138,0.86,0.93,Rating 2.0,Top20,2023-01-01..2023-12-31
2023,6904,STYKO,Slovakia,9806,Apeks,57,1601,-134,0.88,0.93,Rating 2.0,Top20,2023-01-01..2023-12-31
2023,16921,nafany,Russia,12394|5752,BETBOOM|Cloud9,105,2736,-367,0.81,0.93,Rating 2.0,Top20,2023-01-01..2023-12-31
2023,21708,npl,Ukraine,4608,Natus Vincere,55,1485,-144,0.85,0.92,Rating 2.0,Top20,2023-01-01..2023-12-31
2023,150,MAJ3R,Türkiye,11251,Eternal Fire,68,1828,-224,0.82,0.91,Rating 2.0,Top20,2023-01-01..2023-12-31
2023,922,Snappi,Denmark,4869,ENCE,112,2943,-368,0.82,0.91,Rating 2.0,Top20,2023-01-01..2023-12-31
2023,7687,nitr0,United States,5973,Liquid,52,1416,-154,0.84,0.91,Rating 2.0,Top20,2023-01-01..2023-12-31
2023,15117,Keoz,Belgium,9928,GamerLegion,73,1805,-252,0.81,0.91,Rating 2.0,Top20,2023-01-01..2023-12-31
2023,4829,mynio,Poland,10278,9INE,65,1830,-268,0.80,0.90,Rating 2.0,Top20,2023-01-01..2023-12-31
2023,19750,drop,Brazil,9215|8297,FURIA,67,1689,-251,0.78,0.88,Rating 2.0,Top20,2023-01-01..2023-12-31
2023,429,karrigan,Denmark,6667,FaZe,162,4143,-675,0.77,0.88,Rating 2.0,Top20,2023-01-01..2023-12-31
2023,11630,JT,South Africa,5005,Complexity,107,2617,-427,0.77,0.88,Rating 2.0,Top20,2023-01-01..2023-12-31
2023,9115,dexter,Australia,4494|4991,MOUZ|fnatic,92,2389,-358,0.79,0.87,Rating 2.0,Top20,2023-01-01..2023-12-31
2023,10096,HooXi,Denmark,5995,G2,113,2941,-589,0.71,0.83,Rating 2.0,Top20,2023-01-01..2023-12-31
2024,11893,ZywOo,France,9565,Vitality,132,2907,+785,1.46,1.36,Rating 3.0,Top20,2024-01-01..2024-12-31
2024,21167,donk,Russia,7020,Spirit,134,2825,+641,1.34,1.33,Rating 3.0,Top20,2024-01-01..2024-12-31
2024,19230,m0NESY,Russia,5995,G2,156,3337,+760,1.38,1.30,Rating 3.0,Top20,2024-01-01..2024-12-31
2024,3741,NiKo,Bosnia and Herzegovina,5995,G2,159,3395,+326,1.15,1.19,Rating 3.0,Top20,2024-01-01..2024-12-31
2024,16920,sh1ro,Russia,7020,Spirit,136,2859,+596,1.38,1.16,Rating 3.0,Top20,2024-01-01..2024-12-31
2024,15631,KSCERATO,Brazil,8297,FURIA,101,2142,+175,1.13,1.16,Rating 3.0,Top20,2024-01-01..2024-12-31
2024,7938,XANTARES,Türkiye,11251,Eternal Fire,122,2729,+213,1.12,1.15,Rating 3.0,Top20,2024-01-01..2024-12-31
2024,18987,b1t,Ukraine,4608,Natus Vincere,159,3424,+257,1.12,1.15,Rating 3.0,Top20,2024-01-01..2024-12-31
2024,21037,insani,Brazil,9215,MIBR,88,1853,+114,1.09,1.14,Rating 3.0,Top20,2024-01-01..2024-12-31
2024,18850,Jimpphat,Finland,4494,MOUZ,134,2945,+229,1.13,1.14,Rating 3.0,Top20,2024-01-01..2024-12-31
2024,19206,jL,Lithuania,4608,Natus Vincere,159,3424,+257,1.12,1.14,Rating 3.0,Top20,2024-01-01..2024-12-31
2024,10394,Twistzz,Canada,5973,Liquid,104,2271,+168,1.12,1.14,Rating 3.0,Top20,2024-01-01..2024-12-31
2024,8738,EliGE,United States,5005,Complexity,102,2272,+150,1.09,1.13,Rating 3.0,Top20,2024-01-01..2024-12-31
2024,9960,frozen,Slovakia,6667,FaZe,162,3570,+215,1.09,1.12,Rating 3.0,Top20,2024-01-01..2024-12-31
2024,20127,w0nderful,Ukraine,4608,Natus Vincere,159,3424,+451,1.22,1.12,Rating 3.0,Top20,2024-01-01..2024-12-31
2024,11617,malbsMd,Guatemala,5995,G2,83,1737,+93,1.08,1.12,Rating 3.0,Top20,2024-01-01..2024-12-31
2024,18221,Spinx,Israel,9565,Vitality,132,2907,+268,1.15,1.10,Rating 3.0,Top20,2024-01-01..2024-12-31
2024,20312,xertioN,Israel,4494,MOUZ,134,2945,+52,1.03,1.10,Rating 3.0,Top20,2024-01-01..2024-12-31
2024,8520,NAF,Canada,5973,Liquid,104,2271,+164,1.12,1.10,Rating 3.0,Top20,2024-01-01..2024-12-31
2024,16693,flameZ,Israel,9565,Vitality,132,2907,+59,1.03,1.10,Rating 3.0,Top20,2024-01-01..2024-12-31
2024,11816,ropz,Estonia,6667,FaZe,162,3570,+332,1.15,1.09,Rating 3.0,Top20,2024-01-01..2024-12-31
2024,20464,ewjerkz,Portugal,10567,SAW,62,1338,-42,0.96,1.08,Rating 3.0,Top20,2024-01-01..2024-12-31
2024,9436,NertZ,Israel,7175,HEROIC,137,2997,+178,1.09,1.08,Rating 3.0,Top20,2024-01-01..2024-12-31
2024,20903,Senzu,Mongolia,6248,The MongolZ,103,2315,+130,1.08,1.08,Rating 3.0,Top20,2024-01-01..2024-12-31
2024,18053,broky,Latvia,6667,FaZe,162,3570,+369,1.17,1.08,Rating 3.0,Top20,2024-01-01..2024-12-31
2024,19899,Krimbo,Germany,7532,BIG,90,1968,+110,1.09,1.07,Rating 3.0,Top20,2024-01-01..2024-12-31
2024,13666,Brollan,Sweden,4494,MOUZ,134,2945,-13,0.99,1.07,Rating 3.0,Top20,2024-01-01..2024-12-31
2024,17956,jabbi,Denmark,6665,Astralis,106,2320,+38,1.02,1.06,Rating 3.0,Top20,2024-01-01..2024-12-31
2024,21239,MartinezSa,Spain,9996,9z,52,1147,+123,1.17,1.06,Rating 3.0,Top20,2024-01-01..2024-12-31
2024,10994,stavn,Denmark,6665,Astralis,106,2320,+18,1.01,1.06,Rating 3.0,Top20,2024-01-01..2024-12-31
2024,20423,zont1x,Ukraine,7020,Spirit,136,2859,+59,1.03,1.06,Rating 3.0,Top20,2024-01-01..2024-12-31
2024,18141,biguzera,Brazil,4773,paiN,115,2516,-74,0.96,1.06,Rating 3.0,Top20,2024-01-01..2024-12-31
2024,20465,arrozdoce,Portugal,10567,SAW,50,1086,-33,0.96,1.06,Rating 3.0,Top20,2024-01-01..2024-12-31
2024,11154,exit,Brazil,9215,MIBR,88,1853,+49,1.04,1.06,Rating 3.0,Top20,2024-01-01..2024-12-31
2024,12840,hallzerk,Norway,5005,Complexity,102,2272,+117,1.08,1.05,Rating 3.0,Top20,2024-01-01..2024-12-31
2024,19164,SunPayus,Spain,11283,Falcons,98,2119,+172,1.13,1.05,Rating 3.0,Top20,2024-01-01..2024-12-31
2024,18072,torzsi,Hungary,4494,MOUZ,134,2945,+330,1.19,1.05,Rating 3.0,Top20,2024-01-01..2024-12-31
2024,12018,TeSeS,Denmark,7175,HEROIC,137,2997,-42,0.98,1.05,Rating 3.0,Top20,2024-01-01..2024-12-31
2024,14929,JDC,Germany,7532,BIG,70,1504,-2,1.00,1.05,Rating 3.0,Top20,2024-01-01..2024-12-31
2024,14736,dgt,Uruguay,9996,9z,52,1147,+58,1.08,1.05,Rating 3.0,Top20,2024-01-01..2024-12-31
2024,8574,woxic,Türkiye,11251,Eternal Fire,122,2729,+203,1.12,1.04,Rating 3.0,Top20,2024-01-01..2024-12-31
2024,14759,iM,Romania,4608,Natus Vincere,159,3424,+62,1.03,1.04,Rating 3.0,Top20,2024-01-01..2024-12-31
2024,21243,Wicadia,Türkiye,11251,Eternal Fire,122,2729,+12,1.01,1.04,Rating 3.0,Top20,2024-01-01..2024-12-31
2024,20101,fame,Russia,5378,Virtus.pro,132,2888,-42,0.98,1.03,Rating 3.0,Top20,2024-01-01..2024-12-31
2024,4679,jks,Australia,5973,Liquid,66,1398,+27,1.03,1.03,Rating 3.0,Top20,2024-01-01..2024-12-31
2024,17306,degster,Russia,7175,HEROIC,72,1547,+153,1.17,1.03,Rating 3.0,Top20,2024-01-01..2024-12-31
2024,20275,Techno,Mongolia,6248,The MongolZ,103,2315,-63,0.96,1.03,Rating 3.0,Top20,2024-01-01..2024-12-31
2024,18835,saffee,Brazil,9215,MIBR,88,1853,+159,1.15,1.03,Rating 3.0,Top20,2024-01-01..2024-12-31
2024,12553,yuurih,Brazil,8297,FURIA,101,2142,-2,1.00,1.03,Rating 3.0,Top20,2024-01-01..2024-12-31
2024,20304,Staehr,Denmark,6665,Astralis,106,2320,-56,0.96,1.03,Rating 3.0,Top20,2024-01-01..2024-12-31
2024,20563,lux,Brazil,4773,paiN,115,2516,-110,0.94,1.03,Rating 3.0,Top20,2024-01-01..2024-12-31
2024,8918,electroNic,Russia,5378|5752,Virtus.pro|Cloud9,133,2926,-84,0.96,1.02,Rating 3.0,Top20,2024-01-01..2024-12-31
2024,20194,bLitz,Mongolia,6248,The MongolZ,103,2315,-47,0.97,1.02,Rating 3.0,Top20,2024-01-01..2024-12-31
2024,18462,mezii,United Kingdom,9565,Vitality,122,2696,+10,1.01,1.02,Rating 3.0,Top20,2024-01-01..2024-12-31
2024,21763,ultimate,Poland,5973,Liquid,66,1398,+85,1.10,1.02,Rating 3.0,Top20,2024-01-01..2024-12-31
2024,7592,device,Denmark,6665,Astralis,100,2186,+105,1.08,1.02,Rating 3.0,Top20,2024-01-01..2024-12-31
2024,21809,910,Mongolia,6248,The MongolZ,103,2315,+162,1.11,1.02,Rating 3.0,Top20,2024-01-01..2024-12-31
2024,8183,rain,Norway,6667,FaZe,162,3570,-176,0.93,1.01,Rating 3.0,Top20,2024-01-01..2024-12-31
2024,21001,mzinho,Mongolia,6248,The MongolZ,103,2315,-79,0.95,1.01,Rating 3.0,Top20,2024-01-01..2024-12-31
2024,14148,sjuush,Denmark,7175,HEROIC,137,2997,-121,0.94,1.01,Rating 3.0,Top20,2024-01-01..2024-12-31
2024,8575,Calyx,Türkiye,11251,Eternal Fire,122,2729,-14,0.99,1.01,Rating 3.0,Top20,2024-01-01..2024-12-31
2024,19694,nqz,Brazil,4773,paiN,115,2516,+108,1.07,1.01,Rating 3.0,Top20,2024-01-01..2024-12-31
2024,15662,zorte,Russia,12394,BETBOOM,53,1113,+21,1.03,1.00,Rating 3.0,Top20,2024-01-01..2024-12-31
2024,8565,HEN1,Brazil,9455,Imperial,58,1222,+36,1.05,1.00,Rating 3.0,Top20,2024-01-01..2024-12-31
2024,20183,decenty,Brazil,9455,Imperial,84,1794,+12,1.01,1.00,Rating 3.0,Top20,2024-01-01..2024-12-31
2024,12732,FL1T,Russia,5378,Virtus.pro,132,2888,+10,1.01,1.00,Rating 3.0,Top20,2024-01-01..2024-12-31
2024,13578,Grim,United States,5005,Complexity,102,2272,-61,0.96,1.00,Rating 3.0,Top20,2024-01-01..2024-12-31
2024,9219,felps,Brazil,9455,Imperial,84,1794,-32,0.97,1.00,Rating 3.0,Top20,2024-01-01..2024-12-31
2024,13776,Jame,Russia,5378,Virtus.pro,132,2888,+247,1.15,1.00,Rating 3.0,Top20,2024-01-01..2024-12-31
2024,18506,S1ren,Russia,12394,BETBOOM,53,1113,-14,0.98,1.00,Rating 3.0,Top20,2024-01-01..2024-12-31
2024,9032,Magisk,Denmark,11283,Falcons,105,2276,-56,0.96,1.00,Rating 3.0,Top20,2024-01-01..2024-12-31
2024,16717,br0,Denmark,6665|11811,Astralis|Monte,77,1697,-66,0.94,0.99,Rating 3.0,Top20,2024-01-01..2024-12-31
2024,18317,magixx,Russia,7020,Spirit,134,2825,-16,0.99,0.99,Rating 3.0,Top20,2024-01-01..2024-12-31
2024,20462,story,Portugal,10567,SAW,62,1338,-5,0.99,0.99,Rating 3.0,Top20,2024-01-01..2024-12-31
2024,5794,tabseN,Germany,7532,BIG,90,1968,-136,0.90,0.99,Rating 3.0,Top20,2024-01-01..2024-12-31
2024,3972,huNter-,Bosnia and Herzegovina,5995,G2,159,3395,-50,0.98,0.98,Rating 3.0,Top20,2024-01-01..2024-12-31
2024,16612,n0rb3r7,Russia,5378,Virtus.pro,132,2888,-152,0.92,0.98,Rating 3.0,Top20,2024-01-01..2024-12-31
2024,22613,HUASOPEEK,Chile,9996,9z,52,1147,-65,0.92,0.98,Rating 3.0,Top20,2024-01-01..2024-12-31
2024,19920,KaiR0N-,Russia,12394,BETBOOM,53,1113,-64,0.92,0.97,Rating 3.0,Top20,2024-01-01..2024-12-31
2024,20171,snow,Brazil,4773,paiN,70,1531,-48,0.95,0.97,Rating 3.0,Top20,2024-01-01..2024-12-31
2024,11777,Maden,Montenegro,11283,Falcons,105,2276,-142,0.91,0.97,Rating 3.0,Top20,2024-01-01..2024-12-31
2024,7266,syrsoN,Germany,7532,BIG,70,1504,+6,1.01,0.97,Rating 3.0,Top20,2024-01-01..2024-12-31
2024,19750,drop,Brazil,9215,MIBR,88,1853,-102,0.92,0.97,Rating 3.0,Top20,2024-01-01..2024-12-31
2024,18676,skullz,Brazil,8297|5973,FURIA|Liquid,104,2260,-54,0.96,0.97,Rating 3.0,Top20,2024-01-01..2024-12-31
2024,22564,noway,Brazil,9455,Imperial,84,1794,-131,0.90,0.96,Rating 3.0,Top20,2024-01-01..2024-12-31
2024,13602,nicoodoz,Denmark,7175,HEROIC,59,1314,+10,1.01,0.96,Rating 3.0,Top20,2024-01-01..2024-12-31
2024,13915,YEKINDAR,Latvia,5973,Liquid,104,2271,-147,0.91,0.96,Rating 3.0,Top20,2024-01-01..2024-12-31
2024,12713,floppy,United States,5005,Complexity,102,2272,-156,0.90,0.96,Rating 3.0,Top20,2024-01-01..2024-12-31
2024,19677,kyxsan,North Macedonia,7175,HEROIC,137,2997,-252,0.88,0.96,Rating 3.0,Top20,2024-01-01..2024-12-31
2024,12092,max,Uruguay,9996,9z,52,1147,-84,0.90,0.95,Rating 3.0,Top20,2024-01-01..2024-12-31
2024,20085,kauez,Brazil,4773,paiN,115,2516,-158,0.91,0.95,Rating 3.0,Top20,2024-01-01..2024-12-31
2024,9618,nexa,Serbia,5995,G2,76,1658,-105,0.90,0.95,Rating 3.0,Top20,2024-01-01..2024-12-31
2024,2023,FalleN,Brazil,8297,FURIA,101,2142,-52,0.96,0.94,Rating 3.0,Top20,2024-01-01..2024-12-31
2024,7398,dupreeh,Denmark,11283,Falcons,86,1877,-136,0.90,0.94,Rating 3.0,Top20,2024-01-01..2024-12-31
2024,16820,siuhy,Poland,4494,MOUZ,134,2945,-272,0.87,0.94,Rating 3.0,Top20,2024-01-01..2024-12-31
2024,17937,isak,Sweden,4411|9928,GamerLegion,64,1376,-125,0.87,0.94,Rating 3.0,Top20,2024-01-01..2024-12-31
2024,7716,chopper,Russia,7020,Spirit,136,2859,-297,0.84,0.94,Rating 3.0,Top20,2024-01-01..2024-12-31
2024,2241,roman,Portugal,10567,SAW,62,1338,-119,0.87,0.94,Rating 3.0,Top20,2024-01-01..2024-12-31
2024,20987,brnz4n,Brazil,9215,MIBR,62,1334,-115,0.87,0.93,Rating 3.0,Top20,2024-01-01..2024-12-31
2024,150,MAJ3R,Türkiye,11251,Eternal Fire,122,2729,-231,0.87,0.93,Rating 3.0,Top20,2024-01-01..2024-12-31
2024,630,MUTiRiS,Portugal,10567,SAW,62,1338,-128,0.86,0.93,Rating 3.0,Top20,2024-01-01..2024-12-31
2024,10566,chelo,Brazil,8297,FURIA,101,2142,-215,0.86,0.93,Rating 3.0,Top20,2024-01-01..2024-12-31
2024,12822,VINI,Brazil,9455,Imperial,84,1794,-240,0.81,0.92,Rating 3.0,Top20,2024-01-01..2024-12-31
2024,11630,JT,South Africa,5005,Complexity,102,2272,-278,0.82,0.92,Rating 3.0,Top20,2024-01-01..2024-12-31
2024,9816,Aleksib,Finland,4608,Natus Vincere,159,3424,-413,0.81,0.91,Rating 3.0,Top20,2024-01-01..2024-12-31
2024,7322,apEX,France,9565,Vitality,132,2907,-324,0.83,0.90,Rating 3.0,Top20,2024-01-01..2024-12-31
2024,2553,Snax,Poland,5995|9928,G2|GamerLegion,118,2491,-306,0.82,0.89,Rating 3.0,Top20,2024-01-01..2024-12-31
2024,20607,buda,Argentina,9996,9z,52,1147,-175,0.78,0.88,Rating 3.0,Top20,2024-01-01..2024-12-31
2024,7964,cadiaN,Denmark,6665|5973,Astralis|Liquid,61,1350,-76,0.91,0.88,Rating 3.0,Top20,2024-01-01..2024-12-31
2024,429,karrigan,Denmark,6667,FaZe,162,3570,-615,0.76,0.86,Rating 3.0,Top20,2024-01-01..2024-12-31
2024,10096,HooXi,Denmark,5995,G2,60,1301,-247,0.73,0.85,Rating 3.0,Top20,2024-01-01..2024-12-31
2024,922,Snappi,Denmark,11283,Falcons,105,2276,-402,0.75,0.82,Rating 3.0,Top20,2024-01-01..2024-12-31
2024,16921,nafany,Russia,12394,BETBOOM,53,1113,-264,0.69,0.81,Rating 3.0,Top20,2024-01-01..2024-12-31
2025,21167,donk,Russia,7020,Spirit,142,3224,+789,1.37,1.38,Rating 3.0,Top20,2025-01-01..2025-12-31
2025,11893,ZywOo,France,9565,Vitality,189,4102,+977,1.40,1.32,Rating 3.0,Top20,2025-01-01..2025-12-31
2025,19230,m0NESY,Russia,11283|5995,Falcons|G2,167,3672,+789,1.36,1.24,Rating 3.0,Top20,2025-01-01..2025-12-31
2025,15631,KSCERATO,Brazil,8297,FURIA,180,3929,+392,1.16,1.19,Rating 3.0,Top20,2025-01-01..2025-12-31
2025,16920,sh1ro,Russia,7020,Spirit,142,3224,+758,1.43,1.19,Rating 3.0,Top20,2025-01-01..2025-12-31
2025,10394,Twistzz,Canada,6667|5973,Liquid,146,3139,+228,1.11,1.16,Rating 3.0,Top20,2025-01-01..2025-12-31
2025,11816,ropz,Estonia,9565,Vitality,189,4102,+569,1.23,1.16,Rating 3.0,Top20,2025-01-01..2025-12-31
2025,9960,frozen,Slovakia,6667,FaZe,161,3538,+298,1.13,1.16,Rating 3.0,Top20,2025-01-01..2025-12-31
2025,24177,kyousuke,Russia,11283,Falcons,73,1588,+138,1.12,1.16,Rating 3.0,Top20,2025-01-01..2025-12-31
2025,7938,XANTARES,Türkiye,11861|11251,Aurora|Eternal Fire,171,3861,+316,1.12,1.14,Rating 3.0,Top20,2025-01-01..2025-12-31
2025,20447,HeavyGod,Israel,5995,G2,149,3237,+213,1.11,1.13,Rating 3.0,Top20,2025-01-01..2025-12-31
2025,24144,molodoy,Kazakhstan,8297,FURIA,138,2991,+502,1.29,1.12,Rating 3.0,Top20,2025-01-01..2025-12-31
2025,3741,NiKo,Bosnia and Herzegovina,11283,Falcons,182,4018,+233,1.09,1.12,Rating 3.0,Top20,2025-01-01..2025-12-31
2025,20903,Senzu,Mongolia,6248,The MongolZ,168,3778,+297,1.12,1.12,Rating 3.0,Top20,2025-01-01..2025-12-31
2025,19808,tN1R,Belarus,7020|7175,HEROIC,92,2039,+98,1.07,1.12,Rating 3.0,Top20,2025-01-01..2025-12-31
2025,19045,latto,Brazil,12468,Legacy,84,1794,+107,1.09,1.11,Rating 3.0,Top20,2025-01-01..2025-12-31
2025,16693,flameZ,Israel,9565,Vitality,189,4102,+54,1.02,1.11,Rating 3.0,Top20,2025-01-01..2025-12-31
2025,22279,PR,Czech Republic,9928,GamerLegion,132,2817,+65,1.03,1.11,Rating 3.0,Top20,2025-01-01..2025-12-31
2025,18221,Spinx,Israel,4494,MOUZ,174,3879,+302,1.12,1.11,Rating 3.0,Top20,2025-01-01..2025-12-31
2025,19645,JamYoung,China,4863,TYLOO,51,1107,+49,1.06,1.11,Rating 3.0,Top20,2025-01-01..2025-12-31
2025,13915,YEKINDAR,Latvia,8297,FURIA,138,2991,+65,1.03,1.10,Rating 3.0,Top20,2025-01-01..2025-12-31
2025,21062,MATYS,Slovakia,5995,G2,73,1547,+33,1.03,1.10,Rating 3.0,Top20,2025-01-01..2025-12-31
2025,9278,REZ,Sweden,9928,GamerLegion,132,2817,+72,1.04,1.10,Rating 3.0,Top20,2025-01-01..2025-12-31
2025,21243,Wicadia,Türkiye,11861|11251,Aurora|Eternal Fire,175,3942,+75,1.03,1.09,Rating 3.0,Top20,2025-01-01..2025-12-31
2025,14759,iM,Romania,4608,Natus Vincere,131,2885,+80,1.04,1.09,Rating 3.0,Top20,2025-01-01..2025-12-31
2025,8738,EliGE,United States,5973|6667,Liquid,123,2677,+13,1.01,1.09,Rating 3.0,Top20,2025-01-01..2025-12-31
2025,18987,b1t,Ukraine,4608,Natus Vincere,131,2885,+110,1.06,1.08,Rating 3.0,Top20,2025-01-01..2025-12-31
2025,20312,xertioN,Israel,4494,MOUZ,181,4045,+21,1.01,1.08,Rating 3.0,Top20,2025-01-01..2025-12-31
2025,20127,w0nderful,Ukraine,4608,Natus Vincere,131,2885,+270,1.16,1.08,Rating 3.0,Top20,2025-01-01..2025-12-31
2025,21708,npl,Ukraine,11241,B8,58,1229,+41,1.05,1.08,Rating 3.0,Top20,2025-01-01..2025-12-31
2025,18462,mezii,United Kingdom,9565,Vitality,189,4102,+133,1.05,1.08,Rating 3.0,Top20,2025-01-01..2025-12-31
2025,12732,FL1T,Russia,5378,Virtus.pro,128,2813,+126,1.07,1.07,Rating 3.0,Top20,2025-01-01..2025-12-31
2025,22673,makazze,Kosovo,4608,Natus Vincere,69,1499,-19,0.98,1.07,Rating 3.0,Top20,2025-01-01..2025-12-31
2025,21037,insani,Brazil,9215,MIBR,66,1482,-75,0.93,1.07,Rating 3.0,Top20,2025-01-01..2025-12-31
2025,20423,zont1x,Ukraine,7020,Spirit,107,2420,+64,1.04,1.06,Rating 3.0,Top20,2025-01-01..2025-12-31
2025,20304,Staehr,Denmark,6665,Astralis,155,3378,0,1.00,1.06,Rating 3.0,Top20,2025-01-01..2025-12-31
2025,18072,torzsi,Hungary,4494,MOUZ,181,4045,+537,1.23,1.06,Rating 3.0,Top20,2025-01-01..2025-12-31
2025,19206,jL,Lithuania,4608,Natus Vincere,62,1386,+4,1.00,1.05,Rating 3.0,Top20,2025-01-01..2025-12-31
2025,12553,yuurih,Brazil,8297,FURIA,180,3929,+108,1.04,1.05,Rating 3.0,Top20,2025-01-01..2025-12-31
2025,19694,nqz,Brazil,4773,paiN,132,2939,+221,1.12,1.05,Rating 3.0,Top20,2025-01-01..2025-12-31
2025,21001,mzinho,Mongolia,6248,The MongolZ,192,4301,-97,0.97,1.04,Rating 3.0,Top20,2025-01-01..2025-12-31
2025,13138,Maka,France,4914,3DMAX,170,3745,+110,1.05,1.04,Rating 3.0,Top20,2025-01-01..2025-12-31
2025,19187,xfl0ud,Türkiye,7175,HEROIC,89,1921,-62,0.96,1.04,Rating 3.0,Top20,2025-01-01..2025-12-31
2025,10994,stavn,Denmark,6665,Astralis,103,2236,+23,1.02,1.04,Rating 3.0,Top20,2025-01-01..2025-12-31
2025,22842,kensizor,Ukraine,11241,B8,54,1121,-49,0.94,1.04,Rating 3.0,Top20,2025-01-01..2025-12-31
2025,20119,nilo,Sweden,7175,HEROIC,52,1117,+29,1.04,1.04,Rating 3.0,Top20,2025-01-01..2025-12-31
2025,8574,woxic,Türkiye,11861|11251,Aurora|Eternal Fire,175,3942,+298,1.12,1.04,Rating 3.0,Top20,2025-01-01..2025-12-31
2025,21809,910,Mongolia,6248,The MongolZ,192,4301,+271,1.10,1.04,Rating 3.0,Top20,2025-01-01..2025-12-31
2025,20101,fame,Russia,5378,Virtus.pro,128,2813,-47,0.98,1.04,Rating 3.0,Top20,2025-01-01..2025-12-31
2025,23643,esenthial,Ukraine,11241,B8,58,1229,+12,1.01,1.04,Rating 3.0,Top20,2025-01-01..2025-12-31
2025,21621,Moseyuh,China,4863,TYLOO,51,1107,-27,0.97,1.04,Rating 3.0,Top20,2025-01-01..2025-12-31
2025,18850,Jimpphat,Finland,4494,MOUZ,181,4045,+162,1.07,1.04,Rating 3.0,Top20,2025-01-01..2025-12-31
2025,11617,malbsMd,Guatemala,5995,G2,149,3237,-125,0.95,1.04,Rating 3.0,Top20,2025-01-01..2025-12-31
2025,15698,dumau,Brazil,12468,Legacy,84,1794,-3,1.00,1.03,Rating 3.0,Top20,2025-01-01..2025-12-31
2025,7592,device,Denmark,6665,Astralis,152,3311,+206,1.10,1.03,Rating 3.0,Top20,2025-01-01..2025-12-31
2025,9436,NertZ,Israel,5973,Liquid,127,2719,-33,0.98,1.02,Rating 3.0,Top20,2025-01-01..2025-12-31
2025,17956,jabbi,Denmark,6665,Astralis,155,3378,-58,0.97,1.02,Rating 3.0,Top20,2025-01-01..2025-12-31
2025,8183,rain,Norway,6667,FaZe,127,2816,-114,0.94,1.02,Rating 3.0,Top20,2025-01-01..2025-12-31
2025,18053,broky,Latvia,6667,FaZe,142,3123,+254,1.13,1.02,Rating 3.0,Top20,2025-01-01..2025-12-31
2025,8374,bodyy,France,4914,3DMAX,161,3518,-147,0.94,1.02,Rating 3.0,Top20,2025-01-01..2025-12-31
2025,14736,dgt,Uruguay,4773,paiN,80,1780,+15,1.01,1.02,Rating 3.0,Top20,2025-01-01..2025-12-31
2025,19164,SunPayus,Spain,5995|7175,G2|HEROIC,119,2546,+112,1.07,1.02,Rating 3.0,Top20,2025-01-01..2025-12-31
2025,22965,saadzin,Brazil,12468,Legacy,84,1794,+87,1.08,1.02,Rating 3.0,Top20,2025-01-01..2025-12-31
2025,13497,Lucky,France,4914,3DMAX,173,3813,-45,0.98,1.02,Rating 3.0,Top20,2025-01-01..2025-12-31
2025,20301,Tauson,Denmark,9928,GamerLegion,132,2817,-47,0.97,1.02,Rating 3.0,Top20,2025-01-01..2025-12-31
2025,19686,n1ssim,Brazil,12468,Legacy,84,1794,-30,0.97,1.02,Rating 3.0,Top20,2025-01-01..2025-12-31
2025,17306,degster,Russia,11283,Falcons,65,1445,+116,1.13,1.01,Rating 3.0,Top20,2025-01-01..2025-12-31
2025,19739,Ex3rcice,France,4914,3DMAX,173,3813,-45,0.98,1.01,Rating 3.0,Top20,2025-01-01..2025-12-31
2025,22361,jottAAA,Türkiye,11861|11251,Aurora|Eternal Fire,175,3942,-100,0.96,1.00,Rating 3.0,Top20,2025-01-01..2025-12-31
2025,12018,TeSeS,Denmark,11283,Falcons,182,4018,-170,0.94,1.00,Rating 3.0,Top20,2025-01-01..2025-12-31
2025,18317,magixx,Russia,7020,Spirit,74,1660,-14,0.99,1.00,Rating 3.0,Top20,2025-01-01..2025-12-31
2025,21763,ultimate,Poland,5973,Liquid,127,2719,+23,1.01,1.00,Rating 3.0,Top20,2025-01-01..2025-12-31
2025,20194,bLitz,Mongolia,6248,The MongolZ,192,4301,-148,0.95,1.00,Rating 3.0,Top20,2025-01-01..2025-12-31
2025,18865,dav1deuS,Chile,4773,paiN,132,2939,-151,0.93,0.99,Rating 3.0,Top20,2025-01-01..2025-12-31
2025,20895,Mercury,China,4863,TYLOO,51,1107,-67,0.91,0.99,Rating 3.0,Top20,2025-01-01..2025-12-31
2025,21439,ICY,Kazakhstan,5378,Virtus.pro,119,2619,+141,1.09,0.99,Rating 3.0,Top20,2025-01-01..2025-12-31
2025,21014,Ag1l,Portugal,10567,SAW,58,1218,-13,0.98,0.99,Rating 3.0,Top20,2025-01-01..2025-12-31
2025,20870,sl3nd,Hungary,9928,GamerLegion,56,1193,+3,1.00,0.98,Rating 3.0,Top20,2025-01-01..2025-12-31
2025,20275,Techno,Mongolia,6248,The MongolZ,192,4301,-291,0.90,0.97,Rating 3.0,Top20,2025-01-01..2025-12-31
2025,20462,story,Portugal,10567,SAW,58,1218,-1,1.00,0.97,Rating 3.0,Top20,2025-01-01..2025-12-31
2025,3972,huNter-,Bosnia and Herzegovina,5995,G2,137,2979,-70,0.96,0.97,Rating 3.0,Top20,2025-01-01..2025-12-31
2025,18141,biguzera,Brazil,4773,paiN,128,2857,-262,0.87,0.97,Rating 3.0,Top20,2025-01-01..2025-12-31
2025,22047,yxngstxr,Sweden,7175,HEROIC,98,2116,-155,0.90,0.97,Rating 3.0,Top20,2025-01-01..2025-12-31
2025,20994,FL4MUS,Russia,5378,Virtus.pro,76,1690,-103,0.91,0.97,Rating 3.0,Top20,2025-01-01..2025-12-31
2025,9032,Magisk,Denmark,11283|6665,Falcons|Astralis,161,3572,-153,0.93,0.96,Rating 3.0,Top20,2025-01-01..2025-12-31
2025,8520,NAF,Canada,5973,Liquid,127,2719,-122,0.93,0.96,Rating 3.0,Top20,2025-01-01..2025-12-31
2025,21969,Graviti,France,4914,3DMAX,173,3813,-276,0.90,0.96,Rating 3.0,Top20,2025-01-01..2025-12-31
2025,19677,kyxsan,North Macedonia,11283,Falcons,182,4018,-371,0.86,0.96,Rating 3.0,Top20,2025-01-01..2025-12-31
2025,8918,electroNic,Russia,5378,Virtus.pro,103,2277,-251,0.85,0.96,Rating 3.0,Top20,2025-01-01..2025-12-31
2025,20112,alex666,Ukraine,11241,B8,58,1229,-55,0.93,0.96,Rating 3.0,Top20,2025-01-01..2025-12-31
2025,23685,zweih,Russia,7020,Spirit,68,1564,-146,0.86,0.95,Rating 3.0,Top20,2025-01-01..2025-12-31
2025,16947,Perfecto,Russia,5378,Virtus.pro,50,1086,-73,0.90,0.95,Rating 3.0,Top20,2025-01-01..2025-12-31
2025,19592,headtr1ck,Ukraine,11241,B8,58,1229,+7,1.01,0.95,Rating 3.0,Top20,2025-01-01..2025-12-31
2025,13666,Brollan,Sweden,4494,MOUZ,181,4045,-414,0.85,0.94,Rating 3.0,Top20,2025-01-01..2025-12-31
2025,20171,snow,Brazil,4773,paiN,132,2939,-256,0.87,0.93,Rating 3.0,Top20,2025-01-01..2025-12-31
2025,20563,lux,Brazil,12468,Legacy,84,1794,-162,0.87,0.93,Rating 3.0,Top20,2025-01-01..2025-12-31
2025,7322,apEX,France,9565,Vitality,189,4102,-380,0.86,0.92,Rating 3.0,Top20,2025-01-01..2025-12-31
2025,630,MUTiRiS,Portugal,10567,SAW,58,1218,-124,0.85,0.92,Rating 3.0,Top20,2025-01-01..2025-12-31
2025,18835,saffee,Brazil,9215,MIBR,66,1482,-84,0.92,0.92,Rating 3.0,Top20,2025-01-01..2025-12-31
2025,10096,HooXi,Denmark,6665,Astralis,99,2144,-292,0.81,0.91,Rating 3.0,Top20,2025-01-01..2025-12-31
2025,11154,exit,Brazil,9215,MIBR,66,1482,-113,0.88,0.91,Rating 3.0,Top20,2025-01-01..2025-12-31
2025,9816,Aleksib,Finland,4608,Natus Vincere,131,2885,-386,0.79,0.90,Rating 3.0,Top20,2025-01-01..2025-12-31
2025,2023,FalleN,Brazil,8297,FURIA,180,3929,-332,0.87,0.90,Rating 3.0,Top20,2025-01-01..2025-12-31
2025,2553,Snax,Poland,5995,G2,76,1690,-204,0.82,0.90,Rating 3.0,Top20,2025-01-01..2025-12-31
2025,16820,siuhy,Poland,5973,Liquid,95,2018,-302,0.79,0.89,Rating 3.0,Top20,2025-01-01..2025-12-31
2025,18717,Lucaozy,Brazil,9215,MIBR,54,1219,-134,0.84,0.89,Rating 3.0,Top20,2025-01-01..2025-12-31
2025,7716,chopper,Russia,7020,Spirit,142,3224,-389,0.82,0.89,Rating 3.0,Top20,2025-01-01..2025-12-31
2025,19310,LNZ,Sweden,7175,HEROIC,98,2116,-316,0.79,0.89,Rating 3.0,Top20,2025-01-01..2025-12-31
2025,20987,brnz4n,Brazil,9215,MIBR,53,1150,-160,0.80,0.89,Rating 3.0,Top20,2025-01-01..2025-12-31
2025,16486,ztr,Sweden,9928,GamerLegion,132,2817,-440,0.78,0.86,Rating 3.0,Top20,2025-01-01..2025-12-31
2025,8552,Attacker,China,4863,TYLOO,51,1107,-166,0.78,0.86,Rating 3.0,Top20,2025-01-01..2025-12-31
2025,150,MAJ3R,Türkiye,11861|11251,Aurora|Eternal Fire,175,3942,-583,0.77,0.86,Rating 3.0,Top20,2025-01-01..2025-12-31
2025,429,karrigan,Denmark,6667,FaZe,161,3538,-648,0.74,0.85,Rating 3.0,Top20,2025-01-01..2025-12-31
2025,7964,cadiaN,Denmark,6665,Astralis,56,1234,-186,0.78,0.84,Rating 3.0,Top20,2025-01-01..2025-12-31
